{
  "uuid": "76ea6ad5-e33c-39a9-9802-01b431ec8fb1",
  "starterPrompted": true,
  "starterLocked": false,
  "starterSelected": true,
  "starterUUID": "62aecc4f-920f-488a-89c3-c2e35e134951",
  "keyItems": [],
  "battleTheme": "cobblemon:battle.pvp.default",
  "extraData": {},
  "advancementData": {
    "totalCaptureCount": 9,
    "totalEggsHatched": 0,
    "totalEvolvedCount": 4,
    "totalBattleVictoryCount": 60,
    "totalPvPBattleVictoryCount": 0,
    "totalPvWBattleVictoryCount": 60,
    "totalPvNBattleVictoryCount": 0,
    "totalShinyCaptureCount": 0,
    "totalTradedCount": 0,
    "totalTypeCaptureCounts": {
      "ground": 1,
      "normal": 4,
      "dark": 2,
      "flying": 2,
      "electric": 1,
      "ghost": 1,
      "poison": 1,
      "fairy": 1
    },
    "totalDefeatedCounts": {
      "cobblemon:bunnelby": 2,
      "cobblemon:buneary": 1,
      "cobblemon:caterpie": 1,
      "cobblemon:doduo": 2,
      "cobblemon:combee": 2,
      "cobblemon:taillow": 1,
      "cobblemon:bouffalant": 2,
      "cobblemon:psyduck": 7,
      "cobblemon:zigzagoon": 1,
      "cobblemon:meowth": 1,
      "cobblemon:wooloo": 3,
      "cobblemon:butterfree": 1,
      "cobblemon:slowpoke": 5,
      "cobblemon:stonjourner": 1,
      "cobblemon:mareep": 12,
      "cobblemon:nuzleaf": 1,
      "cobblemon:deerling": 1,
      "cobblemon:sentret": 1,
      "cobblemon:illumise": 1,
      "cobblemon:linoone": 1,
      "cobblemon:watchog": 1,
      "cobblemon:golduck": 1,
      "cobblemon:mudbray": 2,
      "cobblemon:flaaffy": 2,
      "cobblemon:swellow": 1,
      "cobblemon:zubat": 1,
      "cobblemon:gengar": 1,
      "cobblemon:oinkologne": 1,
      "cobblemon:nickit": 1,
      "cobblemon:tauros": 1,
      "cobblemon:ponyta": 1
    },
    "aspectsCollected": {}
  }
}