{
  "uuid": "76ea6ad5-e33c-39a9-9802-01b431ec8fb1",
  "starterPrompted": true,
  "starterLocked": false,
  "starterSelected": true,
  "starterUUID": "62aecc4f-920f-488a-89c3-c2e35e134951",
  "keyItems": [],
  "battleTheme": "cobblemon:battle.pvp.default",
  "extraData": {},
  "advancementData": {
    "totalCaptureCount": 3,
    "totalEggsHatched": 0,
    "totalEvolvedCount": 1,
    "totalBattleVictoryCount": 13,
    "totalPvPBattleVictoryCount": 0,
    "totalPvWBattleVictoryCount": 13,
    "totalPvNBattleVictoryCount": 0,
    "totalShinyCaptureCount": 0,
    "totalTradedCount": 0,
    "totalTypeCaptureCounts": {
      "ground": 1,
      "normal": 1,
      "dark": 1
    },
    "totalDefeatedCounts": {
      "cobblemon:bunnelby": 1,
      "cobblemon:buneary": 1,
      "cobblemon:caterpie": 1,
      "cobblemon:doduo": 2,
      "cobblemon:combee": 1,
      "cobblemon:taillow": 1,
      "cobblemon:bouffalant": 1,
      "cobblemon:psyduck": 4,
      "cobblemon:zigzagoon": 1
    },
    "aspectsCollected": {}
  }
}