{
  "uuid": "76ea6ad5-e33c-39a9-9802-01b431ec8fb1",
  "starterPrompted": true,
  "starterLocked": false,
  "starterSelected": true,
  "starterUUID": "62aecc4f-920f-488a-89c3-c2e35e134951",
  "keyItems": [],
  "battleTheme": "cobblemon:battle.pvp.default",
  "extraData": {},
  "advancementData": {
    "totalCaptureCount": 4,
    "totalEggsHatched": 0,
    "totalEvolvedCount": 2,
    "totalBattleVictoryCount": 19,
    "totalPvPBattleVictoryCount": 0,
    "totalPvWBattleVictoryCount": 19,
    "totalPvNBattleVictoryCount": 0,
    "totalShinyCaptureCount": 0,
    "totalTradedCount": 0,
    "totalTypeCaptureCounts": {
      "ground": 1,
      "normal": 2,
      "dark": 1,
      "flying": 1
    },
    "totalDefeatedCounts": {
      "cobblemon:bunnelby": 1,
      "cobblemon:buneary": 1,
      "cobblemon:caterpie": 1,
      "cobblemon:doduo": 2,
      "cobblemon:combee": 1,
      "cobblemon:taillow": 1,
      "cobblemon:bouffalant": 1,
      "cobblemon:psyduck": 5,
      "cobblemon:zigzagoon": 1,
      "cobblemon:meowth": 1,
      "cobblemon:wooloo": 1,
      "cobblemon:butterfree": 1,
      "cobblemon:slowpoke": 1,
      "cobblemon:stonjourner": 1
    },
    "aspectsCollected": {}
  }
}