{
  "uuid": "861cca6d-a57d-305d-8cc5-7aed6fb5b41d",
  "starterPrompted": true,
  "starterLocked": false,
  "starterSelected": true,
  "starterUUID": "1b173ecc-271a-4a06-acbb-5ee2abd05f5d",
  "keyItems": [],
  "battleTheme": "cobblemon:battle.pvp.default",
  "extraData": {},
  "advancementData": {
    "totalCaptureCount": 0,
    "totalEggsHatched": 0,
    "totalEvolvedCount": 0,
    "totalBattleVictoryCount": 8,
    "totalPvPBattleVictoryCount": 0,
    "totalPvWBattleVictoryCount": 8,
    "totalPvNBattleVictoryCount": 0,
    "totalShinyCaptureCount": 0,
    "totalTradedCount": 0,
    "totalTypeCaptureCounts": {},
    "totalDefeatedCounts": {
      "cobblemon:pidgey": 3,
      "cobblemon:bonsly": 1,
      "cobblemon:bidoof": 1,
      "cobblemon:rattata": 1,
      "cobblemon:spearow": 1,
      "cobblemon:ponyta": 1
    },
    "aspectsCollected": {}
  }
}