{"stats":{"minecraft:killed_by":{"minecraft:player":1,"minecraft:creeper":1},"minecraft:mined":{"minecraft:dark_oak_log":1,"cobblemon:apricorn_log":5,"minecraft:crafting_table":3,"cobblemon:apricorn_leaves":15,"minecraft:copper_ore":4,"minecraft:sugar_cane":2,"minecraft:diorite":1,"minecraft:iron_ore":20,"minecraft:birch_leaves":1,"minecraft:oak_log":10,"minecraft:coal_ore":9,"minecraft:stone":58,"minecraft:oak_leaves":30},"minecraft:used":{"minecraft:stone_pickaxe":80,"minecraft:wooden_pickaxe":12,"minecraft:rotten_flesh":7,"minecraft:crafting_table":3,"minecraft:stone_axe":31,"minecraft:oak_boat":3},"minecraft:crafted":{"minecraft:oak_planks":32,"minecraft:crafting_table":1,"minecraft:wooden_pickaxe":1,"cobblemon:apricorn_planks":20,"minecraft:furnace":1,"minecraft:stone_axe":1,"minecraft:oak_boat":1,"minecraft:stick":8,"minecraft:stone_pickaxe":1,"minecraft:dark_oak_planks":4},"minecraft:picked_up":{"minecraft:birch_log":2,"minecraft:crafting_table":4,"cobblemon:yellow_apricorn":2,"minecraft:leather":4,"minecraft:wooden_pickaxe":1,"minecraft:oak_log":9,"minecraft:dirt":14,"minecraft:string":1,"minecraft:raw_copper":12,"cobblemon:white_apricorn":2,"cobblemon:black_apricorn":4,"cobblemon:green_apricorn":6,"cobblemon:white_apricorn_seed":1,"minecraft:rabbit_hide":2,"minecraft:beef":6,"minecraft:stone_pickaxe":1,"minecraft:oak_boat":4,"minecraft:rabbit":4,"minecraft:sugar_cane":6,"minecraft:birch_sapling":1,"minecraft:oak_planks":16,"cobblemon:apricorn_planks":20,"minecraft:furnace":1,"minecraft:stick":3,"minecraft:raw_iron":40,"cobblemon:apricorn_log":5,"minecraft:copper_ingot":1,"cobblemon:black_apricorn_seed":1,"minecraft:diorite":2,"minecraft:dark_oak_log":1,"minecraft:rotten_flesh":6,"minecraft:stone_axe":1,"cobblemon:rindo_berry":6,"minecraft:oak_sapling":3,"minecraft:mutton":5,"minecraft:coal":9,"minecraft:white_wool":3,"minecraft:cobblestone":100},"minecraft:killed":{"minecraft:sheep":3,"minecraft:zombie":3,"minecraft:drowned":1,"minecraft:cow":3},"minecraft:dropped":{"minecraft:diorite":1,"minecraft:oak_sapling":2,"minecraft:wooden_pickaxe":2},"minecraft:custom":{"minecraft:mob_kills":10,"minecraft:interact_with_crafting_table":4,"minecraft:time_since_death":17348,"minecraft:time_since_rest":17408,"minecraft:sprint_one_cm":10281,"minecraft:damage_taken":871,"minecraft:walk_one_cm":280779,"minecraft:drop":5,"minecraft:damage_dealt":1499,"minecraft:fly_one_cm":22886,"minecraft:open_chest":1,"minecraft:crouch_one_cm":7147,"minecraft:play_time":53432,"minecraft:deaths":2,"minecraft:sneak_time":2651,"minecraft:walk_under_water_one_cm":5559,"minecraft:boat_one_cm":64200,"minecraft:jump":792,"minecraft:walk_on_water_one_cm":19434,"minecraft:total_world_time":53432,"minecraft:fall_one_cm":18508}},"DataVersion":3465}