{"stats":{"minecraft:killed_by":{"minecraft:player":2,"minecraft:creeper":2,"minecraft:spider":1,"minecraft:skeleton":5},"minecraft:dropped":{"minecraft:wheat_seeds":1,"cobblemon:pink_mint_seeds":2,"minecraft:feather":2,"minecraft:acacia_log":61,"minecraft:coal":38,"minecraft:dirt":16,"minecraft:diorite":1,"minecraft:brown_wool":1,"minecraft:flowering_azalea":2,"minecraft:string":1,"minecraft:pink_petals":16,"minecraft:white_wool":9,"minecraft:furnace":4,"minecraft:raw_copper":35,"cobblemon:pink_mint_leaf":3,"minecraft:suspicious_stew":1,"minecraft:rabbit_hide":2,"minecraft:gunpowder":1,"minecraft:spruce_planks":14,"cobblemon:healing_machine":7,"cobblemon:revival_herb":9,"minecraft:oak_sapling":4,"minecraft:spider_eye":1,"minecraft:glass":1,"minecraft:arrow":9,"minecraft:wooden_pickaxe":2},"minecraft:crafted":{"minecraft:smooth_stone":2,"minecraft:oak_planks":32,"cobblemon:apricorn_planks":20,"minecraft:furnace":3,"minecraft:stone":2,"minecraft:bone_meal":27,"minecraft:cooked_mutton":11,"minecraft:glass":1,"minecraft:iron_axe":2,"minecraft:stone_pickaxe":1,"minecraft:dark_oak_planks":4,"minecraft:wheat":252,"minecraft:cooked_beef":16,"minecraft:crafting_table":1,"minecraft:wooden_pickaxe":1,"cobblemon:pc":1,"minecraft:copper_ingot":95,"minecraft:stone_axe":1,"minecraft:bread":84,"minecraft:air":0,"minecraft:oak_boat":1,"minecraft:iron_chestplate":1,"minecraft:shield":1,"minecraft:stick":16,"minecraft:iron_ingot":33,"minecraft:iron_pickaxe":2,"cobblemon:great_ball":28,"cobblemon:sport_ball":8},"minecraft:killed":{"minecraft:spider":6,"minecraft:skeleton":12,"minecraft:drowned":1,"minecraft:creeper":2,"minecraft:sheep":5,"minecraft:pillager":10,"minecraft:zombie":18,"minecraft:cow":15},"minecraft:broken":{"minecraft:shield":1,"minecraft:iron_axe":1},"minecraft:picked_up":{"minecraft:crafting_table":11,"minecraft:iron_chestplate":1,"minecraft:wheat":3,"minecraft:chicken":24,"minecraft:clay_ball":4,"minecraft:suspicious_stew":1,"cobblemon:yellow_apricorn":3,"cobblemon:red_apricorn":51,"cobblemon:sport_ball":3,"minecraft:wooden_pickaxe":1,"minecraft:gold_block":3,"minecraft:shield":2,"cobblemon:wepear_berry":81,"minecraft:string":14,"cobblemon:revival_herb":18,"minecraft:raw_copper":319,"minecraft:iron_axe":3,"cobblemon:white_apricorn":32,"cobblemon:roseli_berry":1,"minecraft:gold_nugget":2,"cobblemon:green_apricorn":48,"cobblemon:white_apricorn_seed":2,"minecraft:spruce_planks":56,"minecraft:beef":66,"cobblemon:oran_berry":66,"minecraft:oak_boat":5,"minecraft:iron_pickaxe":6,"minecraft:sugar_cane":6,"minecraft:chest":1,"minecraft:birch_sapling":2,"minecraft:furnace":14,"minecraft:stick":6,"minecraft:raw_iron":93,"cobblemon:apricorn_log":5,"cobblemon:spell_tag":1,"minecraft:copper_ingot":472,"minecraft:acacia_log":61,"minecraft:porkchop":3,"minecraft:white_dye":5,"minecraft:diorite":2,"minecraft:carrot":7,"minecraft:redstone":19,"minecraft:goat_horn":1,"minecraft:dark_oak_planks":4,"minecraft:arrow":33,"minecraft:honey_bottle":3,"minecraft:rotten_flesh":39,"cobblemon:pink_mint_leaf":9,"minecraft:hay_block":39,"minecraft:mutton":55,"cobblemon:blue_apricorn":56,"minecraft:white_wool":27,"minecraft:cobblestone":179,"minecraft:birch_log":4,"minecraft:pink_petals":16,"minecraft:feather":18,"minecraft:air":0,"minecraft:cooked_beef":16,"cobblemon:great_ball":44,"minecraft:leather":42,"minecraft:brown_wool":1,"cobblemon:pinap_berry":18,"minecraft:potato":15,"minecraft:oak_log":9,"minecraft:gunpowder":7,"minecraft:dirt":71,"minecraft:paper":9,"cobblemon:pink_apricorn_seed":2,"cobblemon:light_clay":3,"minecraft:bone":12,"minecraft:acacia_planks":4,"minecraft:apple":18,"cobblemon:black_apricorn":56,"minecraft:wheat_seeds":27,"minecraft:stone_pickaxe":2,"minecraft:bell":1,"minecraft:rabbit_hide":4,"minecraft:iron_ingot":29,"cobblemon:pink_mint_seeds":6,"cobblemon:thunder_stone":10,"minecraft:rabbit":9,"minecraft:bamboo":1,"minecraft:acacia_sapling":7,"minecraft:oak_planks":32,"minecraft:flowering_azalea":4,"cobblemon:apricorn_planks":40,"cobblemon:sun_stone":5,"cobblemon:red_apricorn_seed":1,"minecraft:sweet_berries":1,"cobblemon:black_apricorn_seed":2,"cobblemon:blue_apricorn_seed":3,"minecraft:sand":1,"cobblemon:pink_apricorn":13,"minecraft:dark_oak_log":1,"minecraft:spider_eye":1,"cobblemon:healing_machine":3,"minecraft:stone_axe":2,"minecraft:crossbow":6,"cobblemon:rindo_berry":9,"minecraft:bread":51,"minecraft:oak_sapling":5,"minecraft:netherrack":17,"minecraft:coal":160},"minecraft:mined":{"cobblemon:healing_machine":1,"minecraft:dark_oak_log":1,"cobblemon:apricorn_log":5,"minecraft:granite":2,"minecraft:acacia_log":61,"minecraft:grass_block":2,"minecraft:hay_block":28,"minecraft:tall_seagrass":2,"cobblemon:blue_apricorn":1,"minecraft:furnace":6,"minecraft:carrots":5,"minecraft:iron_ore":33,"cobblemon:pink_mint":2,"minecraft:gold_block":3,"minecraft:bell":1,"cobblemon:white_apricorn_sapling":1,"minecraft:potatoes":4,"minecraft:stone":86,"minecraft:acacia_leaves":6,"cobblemon:black_apricorn_sapling":1,"minecraft:crafting_table":7,"cobblemon:apricorn_leaves":17,"minecraft:chest":2,"minecraft:tall_grass":4,"cobblemon:pinap_berry":2,"minecraft:copper_ore":52,"minecraft:sugar_cane":2,"minecraft:diorite":1,"minecraft:big_dripleaf":1,"minecraft:pink_petals":4,"minecraft:acacia_sapling":1,"minecraft:wheat":14,"minecraft:birch_leaves":1,"cobblemon:persim_berry":1,"minecraft:grass":49,"minecraft:oak_log":10,"minecraft:coal_ore":55,"cobblemon:thunder_stone_ore":2,"minecraft:sand":1,"minecraft:dripstone_block":2,"minecraft:dirt":3,"cobblemon:sun_stone_ore":1,"minecraft:netherrack":17,"minecraft:oak_leaves":34},"minecraft:used":{"minecraft:chest":1,"minecraft:shield":48,"minecraft:rotten_flesh":17,"minecraft:netherrack":7,"minecraft:iron_chestplate":1,"minecraft:dirt":60,"minecraft:carrot":3,"minecraft:acacia_sapling":1,"minecraft:glass":7,"minecraft:iron_axe":204,"cobblemon:pc":1,"minecraft:furnace":9,"minecraft:goat_horn":2,"minecraft:cooked_beef":5,"minecraft:potato":14,"minecraft:acacia_planks":26,"minecraft:wheat_seeds":7,"minecraft:cooked_mutton":7,"minecraft:stone_pickaxe":102,"minecraft:wooden_pickaxe":12,"minecraft:crafting_table":8,"cobblemon:black_apricorn_seed":1,"minecraft:crossbow":1,"cobblemon:white_apricorn_seed":1,"minecraft:bread":56,"minecraft:iron_pickaxe":164,"minecraft:stone_axe":40,"cobblemon:red_apricorn_seed":1,"minecraft:cobblestone":15,"minecraft:oak_boat":3,"minecraft:bone_meal":18,"cobblemon:blue_apricorn_seed":3},"minecraft:custom":{"minecraft:mob_kills":71,"minecraft:interact_with_crafting_table":26,"minecraft:leave_game":8,"minecraft:time_since_death":56654,"minecraft:climb_one_cm":14780,"minecraft:sprint_one_cm":332156,"minecraft:walk_one_cm":1121161,"minecraft:damage_blocked_by_shield":3030,"minecraft:drop":44,"minecraft:talked_to_villager":1,"minecraft:play_time":361703,"minecraft:sneak_time":9478,"minecraft:deaths":10,"minecraft:walk_under_water_one_cm":13639,"minecraft:boat_one_cm":64200,"minecraft:jump":4610,"minecraft:walk_on_water_one_cm":50012,"minecraft:total_world_time":361703,"minecraft:interact_with_furnace":65,"minecraft:sleep_in_bed":1,"minecraft:time_since_rest":48129,"minecraft:damage_taken":6615,"minecraft:damage_dealt":12934,"minecraft:swim_one_cm":42447,"minecraft:fly_one_cm":917211,"minecraft:open_chest":54,"minecraft:crouch_one_cm":26579,"minecraft:fall_one_cm":137266}},"DataVersion":3465}