{"stats":{"minecraft:killed_by":{"minecraft:player":1},"minecraft:mined":{"minecraft:oak_log":2,"cobblemon:apricorn_log":5,"minecraft:oak_leaves":19,"cobblemon:apricorn_leaves":15},"minecraft:picked_up":{"cobblemon:apricorn_log":5,"cobblemon:green_apricorn":3,"minecraft:rabbit_hide":1,"cobblemon:rindo_berry":3,"minecraft:oak_log":1,"minecraft:rabbit":1,"minecraft:oak_sapling":1},"minecraft:dropped":{"minecraft:oak_sapling":1},"minecraft:custom":{"minecraft:time_since_rest":10915,"minecraft:crouch_one_cm":710,"minecraft:walk_one_cm":94981,"minecraft:play_time":17432,"minecraft:sprint_one_cm":132,"minecraft:damage_taken":311,"minecraft:deaths":1,"minecraft:sneak_time":141,"minecraft:walk_under_water_one_cm":1789,"minecraft:drop":1,"minecraft:jump":365,"minecraft:damage_dealt":168,"minecraft:time_since_death":10870,"minecraft:walk_on_water_one_cm":3694,"minecraft:total_world_time":17432,"minecraft:fall_one_cm":8733,"minecraft:fly_one_cm":3343}},"DataVersion":3465}