{"stats":{"minecraft:killed_by":{"minecraft:player":1,"minecraft:creeper":1},"minecraft:mined":{"minecraft:iron_ore":20,"minecraft:dark_oak_log":1,"cobblemon:apricorn_log":5,"minecraft:crafting_table":3,"cobblemon:apricorn_leaves":15,"minecraft:coal_ore":6,"minecraft:oak_log":10,"minecraft:stone":56,"minecraft:sugar_cane":2,"minecraft:diorite":1,"minecraft:oak_leaves":30},"minecraft:used":{"minecraft:stone_pickaxe":71,"minecraft:wooden_pickaxe":12,"minecraft:rotten_flesh":3,"minecraft:stone_axe":21,"minecraft:crafting_table":3,"minecraft:oak_boat":3},"minecraft:crafted":{"minecraft:oak_boat":1,"minecraft:oak_planks":32,"minecraft:crafting_table":1,"minecraft:stick":8,"minecraft:wooden_pickaxe":1,"minecraft:stone_pickaxe":1,"cobblemon:apricorn_planks":20,"minecraft:furnace":1,"minecraft:stone_axe":1},"minecraft:picked_up":{"minecraft:birch_log":2,"minecraft:stick":3,"minecraft:crafting_table":4,"minecraft:raw_iron":40,"cobblemon:apricorn_log":5,"cobblemon:yellow_apricorn":2,"minecraft:copper_ingot":1,"minecraft:wooden_pickaxe":1,"minecraft:oak_log":9,"minecraft:diorite":2,"minecraft:dark_oak_log":1,"minecraft:dirt":14,"minecraft:rotten_flesh":5,"minecraft:stone_axe":1,"cobblemon:green_apricorn":6,"minecraft:rabbit_hide":2,"minecraft:stone_pickaxe":1,"minecraft:oak_boat":4,"cobblemon:rindo_berry":6,"minecraft:rabbit":4,"minecraft:oak_sapling":3,"minecraft:sugar_cane":6,"minecraft:birch_sapling":1,"minecraft:oak_planks":16,"minecraft:coal":6,"cobblemon:apricorn_planks":20,"minecraft:cobblestone":98,"minecraft:furnace":1},"minecraft:killed":{"minecraft:zombie":2,"minecraft:drowned":1},"minecraft:dropped":{"minecraft:oak_sapling":1,"minecraft:wooden_pickaxe":2},"minecraft:custom":{"minecraft:time_since_rest":5408,"minecraft:sprint_one_cm":5263,"minecraft:damage_taken":821,"minecraft:walk_one_cm":197073,"minecraft:mob_kills":3,"minecraft:drop":3,"minecraft:damage_dealt":779,"minecraft:interact_with_crafting_table":4,"minecraft:fly_one_cm":6109,"minecraft:open_chest":1,"minecraft:crouch_one_cm":6082,"minecraft:play_time":41432,"minecraft:deaths":2,"minecraft:sneak_time":2462,"minecraft:walk_under_water_one_cm":3330,"minecraft:boat_one_cm":64200,"minecraft:jump":585,"minecraft:walk_on_water_one_cm":12991,"minecraft:time_since_death":5348,"minecraft:total_world_time":41432,"minecraft:fall_one_cm":12111}},"DataVersion":3465}