{"stats":{"minecraft:used":{"minecraft:wheat_seeds":7,"minecraft:stone_pickaxe":102,"minecraft:wooden_pickaxe":12,"minecraft:shield":18,"minecraft:rotten_flesh":13,"minecraft:iron_chestplate":1,"minecraft:dirt":22,"minecraft:carrot":2,"minecraft:crafting_table":6,"cobblemon:black_apricorn_seed":1,"cobblemon:white_apricorn_seed":1,"minecraft:iron_axe":57,"minecraft:bread":19,"minecraft:iron_pickaxe":28,"minecraft:stone_axe":40,"minecraft:cobblestone":15,"minecraft:furnace":3,"minecraft:oak_boat":3},"minecraft:mined":{"cobblemon:black_apricorn_sapling":1,"minecraft:dark_oak_log":1,"cobblemon:apricorn_log":5,"minecraft:crafting_table":6,"cobblemon:apricorn_leaves":15,"minecraft:grass_block":2,"minecraft:chest":1,"minecraft:tall_grass":2,"minecraft:copper_ore":4,"minecraft:sugar_cane":2,"minecraft:diorite":1,"minecraft:big_dripleaf":1,"minecraft:pink_petals":4,"minecraft:hay_block":28,"minecraft:tall_seagrass":2,"minecraft:furnace":3,"minecraft:carrots":4,"minecraft:iron_ore":24,"minecraft:wheat":9,"cobblemon:pink_mint":2,"minecraft:birch_leaves":1,"cobblemon:persim_berry":1,"minecraft:bell":1,"minecraft:grass":16,"minecraft:coal_ore":42,"cobblemon:white_apricorn_sapling":1,"minecraft:potatoes":1,"minecraft:oak_log":10,"minecraft:dirt":3,"minecraft:stone":65,"minecraft:oak_leaves":33},"minecraft:crafted":{"minecraft:oak_planks":32,"minecraft:crafting_table":1,"minecraft:wooden_pickaxe":1,"cobblemon:apricorn_planks":20,"minecraft:furnace":1,"minecraft:stone_axe":1,"minecraft:bread":84,"minecraft:air":0,"minecraft:oak_boat":1,"minecraft:iron_chestplate":1,"minecraft:shield":1,"minecraft:iron_axe":1,"minecraft:stick":12,"minecraft:iron_ingot":21,"minecraft:iron_pickaxe":1,"minecraft:stone_pickaxe":1,"minecraft:dark_oak_planks":4,"minecraft:wheat":252},"minecraft:picked_up":{"minecraft:birch_log":4,"minecraft:pink_petals":16,"minecraft:crafting_table":7,"minecraft:feather":1,"minecraft:cooked_beef":16,"minecraft:chicken":2,"minecraft:suspicious_stew":1,"cobblemon:yellow_apricorn":3,"minecraft:leather":16,"cobblemon:red_apricorn":6,"minecraft:wooden_pickaxe":1,"minecraft:potato":9,"minecraft:oak_log":9,"minecraft:gunpowder":1,"cobblemon:wepear_berry":3,"minecraft:paper":9,"minecraft:string":7,"minecraft:dirt":52,"cobblemon:pink_apricorn_seed":2,"minecraft:raw_copper":24,"cobblemon:white_apricorn":11,"minecraft:bone":2,"minecraft:apple":6,"cobblemon:black_apricorn":12,"minecraft:wheat_seeds":8,"cobblemon:pink_mint_seeds":2,"cobblemon:white_apricorn_seed":2,"cobblemon:green_apricorn":11,"minecraft:bell":1,"minecraft:rabbit_hide":4,"minecraft:spruce_planks":24,"minecraft:iron_ingot":1,"minecraft:beef":30,"minecraft:stone_pickaxe":2,"cobblemon:oran_berry":10,"minecraft:oak_boat":5,"minecraft:rabbit":6,"minecraft:bamboo":1,"minecraft:sugar_cane":6,"minecraft:chest":1,"minecraft:birch_sapling":2,"minecraft:oak_planks":32,"cobblemon:apricorn_planks":40,"minecraft:furnace":4,"minecraft:raw_iron":84,"minecraft:stick":6,"cobblemon:apricorn_log":5,"minecraft:copper_ingot":2,"cobblemon:black_apricorn_seed":2,"cobblemon:pink_apricorn":2,"minecraft:diorite":2,"minecraft:carrot":6,"minecraft:dark_oak_log":1,"minecraft:spider_eye":1,"minecraft:dark_oak_planks":4,"minecraft:arrow":5,"minecraft:rotten_flesh":14,"minecraft:stone_axe":2,"cobblemon:pink_mint_leaf":3,"minecraft:hay_block":39,"cobblemon:rindo_berry":9,"minecraft:bread":4,"minecraft:oak_sapling":5,"minecraft:mutton":12,"minecraft:coal":52,"cobblemon:blue_apricorn":1,"minecraft:white_wool":8,"minecraft:cobblestone":150},"minecraft:dropped":{"minecraft:wheat_seeds":1,"minecraft:suspicious_stew":1,"minecraft:rabbit_hide":1,"minecraft:dirt":16,"minecraft:gunpowder":1,"minecraft:diorite":1,"minecraft:oak_sapling":4,"minecraft:wooden_pickaxe":2,"minecraft:string":1,"minecraft:pink_petals":16,"minecraft:white_wool":2},"minecraft:killed_by":{"minecraft:player":1,"minecraft:skeleton":1,"minecraft:spider":1,"minecraft:creeper":2},"minecraft:custom":{"minecraft:interact_with_furnace":8,"minecraft:mob_kills":39,"minecraft:interact_with_crafting_table":10,"minecraft:leave_game":3,"minecraft:time_since_death":28829,"minecraft:climb_one_cm":83,"minecraft:time_since_rest":28929,"minecraft:sprint_one_cm":88838,"minecraft:damage_taken":2823,"minecraft:walk_one_cm":471154,"minecraft:damage_blocked_by_shield":710,"minecraft:drop":16,"minecraft:damage_dealt":5847,"minecraft:talked_to_villager":1,"minecraft:swim_one_cm":16810,"minecraft:fly_one_cm":216404,"minecraft:open_chest":6,"minecraft:crouch_one_cm":12776,"minecraft:play_time":107262,"minecraft:deaths":5,"minecraft:sneak_time":4832,"minecraft:walk_under_water_one_cm":8348,"minecraft:boat_one_cm":64200,"minecraft:jump":1951,"minecraft:walk_on_water_one_cm":35083,"minecraft:total_world_time":107262,"minecraft:fall_one_cm":50034},"minecraft:killed":{"minecraft:spider":3,"minecraft:creeper":1,"minecraft:sheep":5,"minecraft:skeleton":5,"minecraft:zombie":7,"minecraft:drowned":1,"minecraft:cow":15}},"DataVersion":3465}