{"stats":{"minecraft:killed_by":{"minecraft:player":1},"minecraft:mined":{"minecraft:iron_ore":20,"cobblemon:apricorn_log":5,"minecraft:crafting_table":2,"cobblemon:apricorn_leaves":15,"minecraft:coal_ore":6,"minecraft:oak_log":10,"minecraft:stone":56,"minecraft:diorite":1,"minecraft:oak_leaves":30},"minecraft:used":{"minecraft:stone_pickaxe":71,"minecraft:wooden_pickaxe":12,"minecraft:stone_axe":11,"minecraft:crafting_table":2},"minecraft:crafted":{"minecraft:oak_planks":16,"minecraft:crafting_table":1,"minecraft:stick":8,"minecraft:wooden_pickaxe":1,"minecraft:stone_pickaxe":1,"cobblemon:apricorn_planks":20,"minecraft:furnace":1,"minecraft:stone_axe":1},"minecraft:picked_up":{"minecraft:crafting_table":2,"minecraft:raw_iron":20,"cobblemon:apricorn_log":5,"minecraft:wooden_pickaxe":1,"minecraft:oak_log":9,"minecraft:diorite":1,"cobblemon:green_apricorn":3,"minecraft:rabbit_hide":1,"cobblemon:rindo_berry":3,"minecraft:rabbit":2,"minecraft:oak_sapling":2,"minecraft:coal":6,"minecraft:cobblestone":56},"minecraft:dropped":{"minecraft:oak_sapling":1,"minecraft:wooden_pickaxe":2},"minecraft:custom":{"minecraft:time_since_rest":22915,"minecraft:sprint_one_cm":206,"minecraft:damage_taken":371,"minecraft:walk_one_cm":137561,"minecraft:drop":3,"minecraft:damage_dealt":178,"minecraft:interact_with_crafting_table":3,"minecraft:fly_one_cm":3450,"minecraft:crouch_one_cm":5617,"minecraft:play_time":29432,"minecraft:deaths":1,"minecraft:sneak_time":2366,"minecraft:walk_under_water_one_cm":2421,"minecraft:jump":492,"minecraft:walk_on_water_one_cm":4940,"minecraft:time_since_death":22870,"minecraft:total_world_time":29432,"minecraft:fall_one_cm":11691}},"DataVersion":3465}