{"stats":{"minecraft:used":{"minecraft:chest":1,"minecraft:shield":30,"minecraft:rotten_flesh":13,"minecraft:iron_chestplate":1,"minecraft:dirt":22,"minecraft:carrot":2,"minecraft:iron_axe":77,"minecraft:furnace":6,"minecraft:wheat_seeds":7,"minecraft:stone_pickaxe":102,"minecraft:wooden_pickaxe":12,"minecraft:crafting_table":7,"cobblemon:black_apricorn_seed":1,"minecraft:crossbow":1,"cobblemon:white_apricorn_seed":1,"minecraft:bread":26,"minecraft:iron_pickaxe":119,"minecraft:stone_axe":40,"minecraft:cobblestone":15,"minecraft:oak_boat":3},"minecraft:mined":{"minecraft:dark_oak_log":1,"cobblemon:apricorn_log":5,"minecraft:granite":2,"minecraft:grass_block":2,"minecraft:hay_block":28,"minecraft:tall_seagrass":2,"minecraft:furnace":6,"minecraft:carrots":4,"minecraft:iron_ore":33,"cobblemon:pink_mint":2,"minecraft:bell":1,"cobblemon:white_apricorn_sapling":1,"minecraft:potatoes":1,"minecraft:stone":84,"cobblemon:black_apricorn_sapling":1,"minecraft:crafting_table":7,"cobblemon:apricorn_leaves":15,"minecraft:chest":2,"minecraft:copper_ore":52,"minecraft:tall_grass":2,"minecraft:sugar_cane":2,"minecraft:diorite":1,"minecraft:big_dripleaf":1,"minecraft:pink_petals":4,"minecraft:wheat":9,"minecraft:birch_leaves":1,"cobblemon:persim_berry":1,"minecraft:grass":16,"minecraft:oak_log":10,"minecraft:coal_ore":47,"cobblemon:thunder_stone_ore":2,"minecraft:dripstone_block":2,"minecraft:dirt":3,"cobblemon:sun_stone_ore":1,"minecraft:oak_leaves":33},"minecraft:crafted":{"minecraft:oak_planks":32,"cobblemon:apricorn_planks":20,"minecraft:furnace":3,"minecraft:iron_axe":1,"minecraft:stone_pickaxe":1,"minecraft:dark_oak_planks":4,"minecraft:wheat":252,"minecraft:crafting_table":1,"minecraft:wooden_pickaxe":1,"minecraft:copper_ingot":95,"minecraft:stone_axe":1,"minecraft:bread":84,"minecraft:air":0,"minecraft:oak_boat":1,"minecraft:iron_chestplate":1,"minecraft:shield":1,"minecraft:stick":12,"minecraft:iron_ingot":33,"minecraft:iron_pickaxe":1,"cobblemon:sport_ball":8},"minecraft:picked_up":{"minecraft:crafting_table":8,"minecraft:chicken":3,"minecraft:suspicious_stew":1,"cobblemon:yellow_apricorn":3,"cobblemon:red_apricorn":6,"minecraft:wooden_pickaxe":1,"cobblemon:sport_ball":3,"cobblemon:wepear_berry":3,"minecraft:string":7,"minecraft:raw_copper":186,"cobblemon:white_apricorn":11,"cobblemon:green_apricorn":11,"cobblemon:white_apricorn_seed":2,"minecraft:spruce_planks":24,"minecraft:beef":32,"cobblemon:oran_berry":10,"minecraft:oak_boat":5,"minecraft:sugar_cane":6,"minecraft:chest":1,"minecraft:birch_sapling":2,"minecraft:furnace":7,"minecraft:stick":6,"minecraft:raw_iron":93,"cobblemon:apricorn_log":5,"minecraft:copper_ingot":5,"minecraft:diorite":2,"minecraft:carrot":6,"minecraft:dark_oak_planks":4,"minecraft:arrow":10,"minecraft:honey_bottle":1,"minecraft:rotten_flesh":14,"cobblemon:pink_mint_leaf":3,"minecraft:hay_block":39,"minecraft:mutton":12,"cobblemon:blue_apricorn":1,"minecraft:cobblestone":176,"minecraft:white_wool":8,"minecraft:birch_log":4,"minecraft:pink_petals":16,"minecraft:feather":2,"minecraft:cooked_beef":16,"minecraft:brown_wool":1,"minecraft:leather":18,"minecraft:potato":9,"minecraft:oak_log":9,"minecraft:gunpowder":1,"minecraft:dirt":52,"minecraft:paper":9,"cobblemon:pink_apricorn_seed":2,"minecraft:bone":6,"minecraft:apple":6,"minecraft:wheat_seeds":8,"cobblemon:black_apricorn":12,"minecraft:stone_pickaxe":2,"minecraft:bell":1,"minecraft:rabbit_hide":4,"minecraft:iron_ingot":1,"cobblemon:pink_mint_seeds":2,"cobblemon:thunder_stone":2,"minecraft:rabbit":6,"minecraft:bamboo":1,"minecraft:oak_planks":32,"cobblemon:apricorn_planks":40,"cobblemon:sun_stone":1,"cobblemon:black_apricorn_seed":2,"cobblemon:pink_apricorn":2,"minecraft:dark_oak_log":1,"minecraft:spider_eye":1,"cobblemon:healing_machine":2,"minecraft:stone_axe":2,"minecraft:crossbow":1,"cobblemon:rindo_berry":9,"minecraft:bread":4,"minecraft:oak_sapling":5,"minecraft:coal":77},"minecraft:dropped":{"minecraft:wheat_seeds":1,"minecraft:feather":2,"minecraft:dirt":16,"minecraft:diorite":1,"minecraft:brown_wool":1,"minecraft:string":1,"minecraft:pink_petals":16,"minecraft:white_wool":2,"minecraft:suspicious_stew":1,"minecraft:rabbit_hide":2,"minecraft:gunpowder":1,"cobblemon:healing_machine":2,"minecraft:oak_sapling":4,"minecraft:spider_eye":1,"minecraft:wooden_pickaxe":2},"minecraft:killed_by":{"minecraft:player":1,"minecraft:creeper":2,"minecraft:spider":1,"minecraft:skeleton":1},"minecraft:custom":{"minecraft:mob_kills":46,"minecraft:interact_with_crafting_table":12,"minecraft:leave_game":5,"minecraft:time_since_death":61735,"minecraft:climb_one_cm":83,"minecraft:sprint_one_cm":99938,"minecraft:walk_one_cm":558716,"minecraft:damage_blocked_by_shield":1590,"minecraft:drop":23,"minecraft:talked_to_villager":1,"minecraft:play_time":140168,"minecraft:deaths":5,"minecraft:sneak_time":7174,"minecraft:walk_under_water_one_cm":8658,"minecraft:boat_one_cm":64200,"minecraft:jump":2187,"minecraft:walk_on_water_one_cm":36593,"minecraft:total_world_time":140168,"minecraft:interact_with_furnace":43,"minecraft:time_since_rest":61835,"minecraft:damage_taken":3066,"minecraft:damage_dealt":7296,"minecraft:swim_one_cm":23393,"minecraft:fly_one_cm":446692,"minecraft:open_chest":6,"minecraft:crouch_one_cm":18278,"minecraft:fall_one_cm":60591},"minecraft:killed":{"minecraft:spider":4,"minecraft:skeleton":8,"minecraft:drowned":1,"minecraft:creeper":1,"minecraft:sheep":5,"minecraft:pillager":3,"minecraft:zombie":7,"minecraft:cow":15}},"DataVersion":3465}