{"stats":{"minecraft:killed_by":{"minecraft:player":2,"minecraft:creeper":2,"minecraft:spider":1,"minecraft:skeleton":3},"minecraft:dropped":{"minecraft:wheat_seeds":1,"cobblemon:pink_mint_seeds":2,"minecraft:feather":2,"minecraft:acacia_log":61,"minecraft:coal":38,"minecraft:dirt":16,"minecraft:diorite":1,"minecraft:brown_wool":1,"minecraft:flowering_azalea":2,"minecraft:string":1,"minecraft:pink_petals":16,"minecraft:white_wool":2,"minecraft:furnace":4,"minecraft:raw_copper":35,"cobblemon:pink_mint_leaf":3,"minecraft:suspicious_stew":1,"minecraft:rabbit_hide":2,"minecraft:gunpowder":1,"minecraft:spruce_planks":14,"cobblemon:healing_machine":7,"cobblemon:revival_herb":9,"minecraft:oak_sapling":4,"minecraft:spider_eye":1,"minecraft:wooden_pickaxe":2,"minecraft:arrow":9,"minecraft:glass":1},"minecraft:crafted":{"minecraft:smooth_stone":2,"minecraft:oak_planks":32,"cobblemon:apricorn_planks":20,"minecraft:furnace":3,"minecraft:stone":2,"minecraft:bone_meal":18,"minecraft:glass":1,"minecraft:iron_axe":1,"minecraft:stone_pickaxe":1,"minecraft:dark_oak_planks":4,"minecraft:wheat":252,"minecraft:crafting_table":1,"minecraft:wooden_pickaxe":1,"cobblemon:pc":1,"minecraft:copper_ingot":95,"minecraft:stone_axe":1,"minecraft:bread":84,"minecraft:air":0,"minecraft:oak_boat":1,"minecraft:iron_chestplate":1,"minecraft:shield":1,"minecraft:stick":16,"minecraft:iron_ingot":33,"minecraft:iron_pickaxe":2,"cobblemon:great_ball":28,"cobblemon:sport_ball":8},"minecraft:killed":{"minecraft:spider":5,"minecraft:skeleton":9,"minecraft:drowned":1,"minecraft:creeper":1,"minecraft:sheep":5,"minecraft:pillager":10,"minecraft:zombie":8,"minecraft:cow":15},"minecraft:broken":{"minecraft:shield":1,"minecraft:iron_axe":1},"minecraft:picked_up":{"minecraft:crafting_table":11,"minecraft:iron_chestplate":1,"minecraft:wheat":3,"minecraft:chicken":18,"minecraft:suspicious_stew":1,"cobblemon:yellow_apricorn":3,"cobblemon:red_apricorn":22,"minecraft:wooden_pickaxe":1,"cobblemon:sport_ball":3,"minecraft:shield":2,"cobblemon:wepear_berry":12,"minecraft:string":14,"minecraft:iron_axe":1,"minecraft:raw_copper":319,"cobblemon:revival_herb":18,"cobblemon:white_apricorn":21,"minecraft:gold_nugget":2,"cobblemon:green_apricorn":24,"cobblemon:white_apricorn_seed":2,"minecraft:spruce_planks":56,"minecraft:beef":64,"cobblemon:oran_berry":66,"minecraft:oak_boat":5,"minecraft:iron_pickaxe":2,"minecraft:sugar_cane":6,"minecraft:chest":1,"minecraft:birch_sapling":2,"minecraft:furnace":14,"minecraft:stick":6,"minecraft:raw_iron":93,"cobblemon:apricorn_log":5,"minecraft:copper_ingot":250,"minecraft:acacia_log":61,"minecraft:white_dye":5,"minecraft:diorite":2,"minecraft:carrot":7,"minecraft:redstone":19,"minecraft:goat_horn":1,"minecraft:dark_oak_planks":4,"minecraft:arrow":28,"minecraft:honey_bottle":3,"minecraft:rotten_flesh":19,"cobblemon:pink_mint_leaf":9,"minecraft:hay_block":39,"minecraft:mutton":22,"cobblemon:blue_apricorn":24,"minecraft:white_wool":13,"minecraft:cobblestone":179,"minecraft:birch_log":4,"minecraft:pink_petals":16,"cobblemon:great_ball":14,"minecraft:air":0,"minecraft:feather":15,"minecraft:cooked_beef":16,"minecraft:brown_wool":1,"minecraft:leather":38,"cobblemon:pinap_berry":18,"minecraft:potato":15,"minecraft:oak_log":9,"minecraft:gunpowder":3,"minecraft:dirt":71,"minecraft:paper":9,"cobblemon:pink_apricorn_seed":2,"minecraft:bone":8,"minecraft:acacia_planks":4,"minecraft:apple":18,"minecraft:wheat_seeds":25,"cobblemon:black_apricorn":34,"minecraft:stone_pickaxe":2,"minecraft:bell":1,"minecraft:rabbit_hide":4,"minecraft:iron_ingot":29,"cobblemon:pink_mint_seeds":6,"cobblemon:thunder_stone":6,"minecraft:rabbit":9,"minecraft:bamboo":1,"minecraft:acacia_sapling":6,"minecraft:oak_planks":32,"minecraft:flowering_azalea":4,"cobblemon:apricorn_planks":40,"cobblemon:sun_stone":3,"cobblemon:black_apricorn_seed":2,"cobblemon:blue_apricorn_seed":2,"minecraft:sand":1,"cobblemon:pink_apricorn":7,"minecraft:dark_oak_log":1,"minecraft:spider_eye":1,"cobblemon:healing_machine":3,"minecraft:stone_axe":2,"minecraft:crossbow":6,"cobblemon:rindo_berry":9,"minecraft:bread":49,"minecraft:oak_sapling":5,"minecraft:coal":136},"minecraft:mined":{"cobblemon:healing_machine":1,"minecraft:dark_oak_log":1,"cobblemon:apricorn_log":5,"minecraft:granite":2,"minecraft:acacia_log":61,"minecraft:grass_block":2,"minecraft:hay_block":28,"minecraft:tall_seagrass":2,"cobblemon:blue_apricorn":1,"minecraft:furnace":6,"minecraft:carrots":5,"minecraft:iron_ore":33,"cobblemon:pink_mint":2,"minecraft:bell":1,"cobblemon:white_apricorn_sapling":1,"minecraft:potatoes":4,"minecraft:stone":86,"minecraft:acacia_leaves":6,"cobblemon:black_apricorn_sapling":1,"minecraft:crafting_table":7,"cobblemon:apricorn_leaves":17,"minecraft:chest":2,"minecraft:copper_ore":52,"cobblemon:pinap_berry":2,"minecraft:tall_grass":4,"minecraft:sugar_cane":2,"minecraft:diorite":1,"minecraft:big_dripleaf":1,"minecraft:pink_petals":4,"minecraft:wheat":14,"minecraft:birch_leaves":1,"cobblemon:persim_berry":1,"minecraft:grass":33,"minecraft:oak_log":10,"minecraft:coal_ore":47,"cobblemon:thunder_stone_ore":2,"minecraft:sand":1,"minecraft:dripstone_block":2,"minecraft:dirt":3,"cobblemon:sun_stone_ore":1,"minecraft:oak_leaves":33},"minecraft:used":{"minecraft:chest":1,"minecraft:shield":48,"minecraft:rotten_flesh":13,"minecraft:iron_chestplate":1,"minecraft:dirt":60,"minecraft:carrot":3,"minecraft:glass":7,"minecraft:iron_axe":172,"cobblemon:pc":1,"minecraft:furnace":9,"minecraft:goat_horn":2,"minecraft:potato":14,"minecraft:acacia_planks":26,"minecraft:wheat_seeds":7,"minecraft:stone_pickaxe":102,"minecraft:wooden_pickaxe":12,"minecraft:crafting_table":8,"cobblemon:black_apricorn_seed":1,"minecraft:crossbow":1,"cobblemon:white_apricorn_seed":1,"minecraft:bread":45,"minecraft:iron_pickaxe":126,"minecraft:stone_axe":40,"minecraft:cobblestone":15,"minecraft:oak_boat":3,"minecraft:bone_meal":9,"cobblemon:blue_apricorn_seed":2},"minecraft:custom":{"minecraft:mob_kills":56,"minecraft:interact_with_crafting_table":21,"minecraft:leave_game":6,"minecraft:time_since_death":74862,"minecraft:climb_one_cm":10203,"minecraft:sprint_one_cm":198627,"minecraft:walk_one_cm":873888,"minecraft:damage_blocked_by_shield":3030,"minecraft:drop":43,"minecraft:talked_to_villager":1,"minecraft:play_time":273503,"minecraft:sneak_time":8700,"minecraft:deaths":8,"minecraft:walk_under_water_one_cm":11330,"minecraft:boat_one_cm":64200,"minecraft:jump":3326,"minecraft:walk_on_water_one_cm":43663,"minecraft:total_world_time":273503,"minecraft:interact_with_furnace":55,"minecraft:time_since_rest":74893,"minecraft:damage_taken":4655,"minecraft:damage_dealt":9707,"minecraft:swim_one_cm":29676,"minecraft:fly_one_cm":669329,"minecraft:open_chest":25,"minecraft:crouch_one_cm":23509,"minecraft:fall_one_cm":91021}},"DataVersion":3465}