{"stats":{"minecraft:used":{"minecraft:wheat_seeds":7,"minecraft:stone_pickaxe":102,"minecraft:wooden_pickaxe":12,"minecraft:rotten_flesh":13,"minecraft:iron_chestplate":1,"minecraft:crafting_table":6,"minecraft:carrot":2,"cobblemon:black_apricorn_seed":1,"cobblemon:white_apricorn_seed":1,"minecraft:iron_axe":3,"minecraft:bread":6,"minecraft:iron_pickaxe":1,"minecraft:stone_axe":40,"minecraft:cobblestone":15,"minecraft:furnace":3,"minecraft:oak_boat":3},"minecraft:mined":{"cobblemon:black_apricorn_sapling":1,"minecraft:dark_oak_log":1,"cobblemon:apricorn_log":5,"cobblemon:apricorn_leaves":15,"minecraft:crafting_table":6,"minecraft:grass_block":2,"minecraft:chest":1,"minecraft:tall_grass":2,"minecraft:copper_ore":4,"minecraft:sugar_cane":2,"minecraft:diorite":1,"minecraft:big_dripleaf":1,"minecraft:hay_block":28,"minecraft:tall_seagrass":2,"minecraft:furnace":3,"minecraft:carrots":4,"minecraft:iron_ore":21,"minecraft:wheat":9,"minecraft:birch_leaves":1,"cobblemon:persim_berry":1,"minecraft:bell":1,"minecraft:grass":5,"minecraft:coal_ore":21,"cobblemon:white_apricorn_sapling":1,"minecraft:potatoes":1,"minecraft:oak_log":10,"minecraft:stone":62,"minecraft:oak_leaves":33},"minecraft:crafted":{"minecraft:oak_planks":32,"minecraft:crafting_table":1,"minecraft:wooden_pickaxe":1,"cobblemon:apricorn_planks":20,"minecraft:furnace":1,"minecraft:stone_axe":1,"minecraft:bread":84,"minecraft:air":0,"minecraft:oak_boat":1,"minecraft:iron_chestplate":1,"minecraft:shield":1,"minecraft:iron_axe":1,"minecraft:stick":12,"minecraft:iron_ingot":21,"minecraft:iron_pickaxe":1,"minecraft:stone_pickaxe":1,"minecraft:dark_oak_planks":4,"minecraft:wheat":252},"minecraft:picked_up":{"minecraft:birch_log":4,"minecraft:crafting_table":7,"minecraft:cooked_beef":16,"minecraft:suspicious_stew":1,"cobblemon:yellow_apricorn":3,"minecraft:leather":8,"minecraft:wooden_pickaxe":1,"minecraft:potato":9,"minecraft:oak_log":9,"minecraft:dirt":46,"minecraft:string":4,"minecraft:paper":9,"cobblemon:pink_apricorn_seed":2,"minecraft:raw_copper":24,"cobblemon:white_apricorn":4,"minecraft:apple":6,"minecraft:spruce_planks":24,"cobblemon:black_apricorn":8,"minecraft:wheat_seeds":7,"minecraft:iron_ingot":1,"cobblemon:green_apricorn":9,"cobblemon:white_apricorn_seed":2,"minecraft:bell":1,"minecraft:rabbit_hide":4,"minecraft:beef":16,"minecraft:stone_pickaxe":2,"minecraft:oak_boat":5,"minecraft:rabbit":6,"minecraft:bamboo":1,"minecraft:chest":1,"minecraft:sugar_cane":6,"minecraft:birch_sapling":2,"minecraft:oak_planks":32,"cobblemon:apricorn_planks":40,"minecraft:furnace":4,"minecraft:stick":6,"minecraft:raw_iron":81,"cobblemon:apricorn_log":5,"minecraft:copper_ingot":2,"cobblemon:black_apricorn_seed":2,"minecraft:diorite":2,"minecraft:carrot":6,"minecraft:dark_oak_log":1,"minecraft:dark_oak_planks":4,"minecraft:rotten_flesh":8,"minecraft:stone_axe":2,"minecraft:hay_block":39,"cobblemon:rindo_berry":9,"minecraft:bread":4,"minecraft:oak_sapling":5,"minecraft:mutton":10,"minecraft:coal":31,"minecraft:white_wool":6,"minecraft:cobblestone":148},"minecraft:dropped":{"minecraft:suspicious_stew":1,"minecraft:rabbit_hide":1,"minecraft:dirt":16,"minecraft:diorite":1,"minecraft:oak_sapling":2,"minecraft:wooden_pickaxe":2,"minecraft:string":1},"minecraft:killed_by":{"minecraft:player":1,"minecraft:skeleton":1,"minecraft:creeper":2,"minecraft:spider":1},"minecraft:custom":{"minecraft:interact_with_furnace":8,"minecraft:mob_kills":14,"minecraft:interact_with_crafting_table":10,"minecraft:leave_game":2,"minecraft:time_since_death":4908,"minecraft:climb_one_cm":83,"minecraft:time_since_rest":5008,"minecraft:sprint_one_cm":52104,"minecraft:damage_taken":2099,"minecraft:walk_one_cm":351658,"minecraft:drop":9,"minecraft:damage_dealt":2033,"minecraft:swim_one_cm":9278,"minecraft:talked_to_villager":1,"minecraft:fly_one_cm":111464,"minecraft:open_chest":6,"minecraft:crouch_one_cm":11168,"minecraft:play_time":83341,"minecraft:deaths":5,"minecraft:sneak_time":4034,"minecraft:walk_under_water_one_cm":6922,"minecraft:boat_one_cm":64200,"minecraft:jump":1314,"minecraft:walk_on_water_one_cm":29551,"minecraft:total_world_time":83341,"minecraft:fall_one_cm":31500},"minecraft:killed":{"minecraft:sheep":3,"minecraft:zombie":3,"minecraft:drowned":1,"minecraft:cow":7}},"DataVersion":3465}