{"stats":{"minecraft:mined":{"minecraft:oak_log":2,"minecraft:oak_leaves":3},"minecraft:picked_up":{"minecraft:oak_log":1},"minecraft:custom":{"minecraft:jump":64,"minecraft:time_since_rest":5432,"minecraft:walk_on_water_one_cm":469,"minecraft:crouch_one_cm":34,"minecraft:sprint_one_cm":132,"minecraft:play_time":5432,"minecraft:time_since_death":5432,"minecraft:walk_one_cm":18971,"minecraft:sneak_time":26,"minecraft:total_world_time":5432,"minecraft:fall_one_cm":685,"minecraft:fly_one_cm":53}},"DataVersion":3465}