{"stats":{"minecraft:broken":{"minecraft:wooden_pickaxe":1,"minecraft:stone_pickaxe":1,"minecraft:stone_axe":1},"minecraft:killed_by":{"minecraft:creeper":4,"minecraft:pillager":1,"minecraft:skeleton":2},"minecraft:crafted":{"minecraft:oak_planks":16,"minecraft:cooked_chicken":5,"minecraft:birch_slab":12,"minecraft:furnace":4,"minecraft:cooked_mutton":2,"minecraft:glass":32,"minecraft:ladder":12,"minecraft:stone_pickaxe":2,"minecraft:chest":12,"minecraft:acacia_fence":30,"minecraft:birch_door":3,"minecraft:stone_hoe":1,"minecraft:cooked_porkchop":17,"minecraft:crafting_table":5,"minecraft:spruce_planks":24,"minecraft:copper_ingot":1,"minecraft:birch_planks":220,"minecraft:pumpkin_seeds":4,"minecraft:stone_axe":3,"minecraft:air":0,"cobblemon:poke_ball":4,"minecraft:white_dye":5,"minecraft:stick":84,"minecraft:iron_ingot":9,"minecraft:birch_trapdoor":2,"minecraft:stone_sword":2,"minecraft:acacia_planks":248,"minecraft:torch":16},"minecraft:mined":{"minecraft:cave_vines_plant":29,"minecraft:dark_oak_fence":2,"minecraft:acacia_log":36,"minecraft:grass_block":41,"minecraft:spruce_leaves":1,"minecraft:moss_block":3,"cobblemon:blue_apricorn":1,"minecraft:furnace":2,"minecraft:carrots":2,"minecraft:iron_ore":17,"minecraft:andesite":2,"minecraft:pumpkin":10,"minecraft:big_dripleaf_stem":1,"minecraft:potatoes":8,"minecraft:vine":1,"cobblemon:green_apricorn_sapling":1,"minecraft:cave_vines":29,"minecraft:azalea":1,"minecraft:stone":118,"minecraft:acacia_leaves":1,"minecraft:flowering_azalea":2,"cobblemon:revival_herb":3,"minecraft:torch":3,"minecraft:crafting_table":3,"cobblemon:apricorn_leaves":3,"minecraft:glass":2,"minecraft:tall_grass":4,"cobblemon:pinap_berry":1,"minecraft:copper_ore":15,"minecraft:sugar_cane":9,"minecraft:wall_torch":1,"minecraft:big_dripleaf":1,"minecraft:birch_planks":3,"minecraft:birch_log":62,"minecraft:wheat":13,"minecraft:spruce_log":6,"minecraft:birch_leaves":3,"minecraft:birch_door":3,"minecraft:grass":107,"minecraft:coal_ore":28,"minecraft:oak_log":11,"minecraft:acacia_fence":2,"minecraft:sand":33,"minecraft:dirt":2,"minecraft:acacia_planks":5,"cobblemon:blue_apricorn_sapling":1,"minecraft:oak_leaves":4,"minecraft:deepslate":16},"minecraft:dropped":{"minecraft:iron_ingot":2,"minecraft:iron_sword":1,"minecraft:oak_log":3,"cobblemon:blue_apricorn":3,"minecraft:diamond":1,"minecraft:cobblestone":6,"minecraft:glow_berries":2,"minecraft:coal":2,"minecraft:red_mushroom":1,"cobblemon:pink_apricorn":1,"minecraft:torch":56,"minecraft:iron_pickaxe":1,"cobblemon:blue_apricorn_seed":1,"minecraft:string":2,"minecraft:bone":2,"minecraft:redstone":60,"minecraft:stone_axe":1,"minecraft:cooked_chicken":1,"minecraft:stone_sword":2,"minecraft:cobbled_deepslate":8,"minecraft:raw_copper":64,"minecraft:raw_iron":5,"minecraft:rotten_flesh":18,"cobblemon:yellow_apricorn":1,"minecraft:shield":2,"minecraft:spruce_planks":24,"minecraft:andesite":2,"minecraft:iron_chestplate":1,"minecraft:charcoal":1,"minecraft:arrow":2,"minecraft:wooden_pickaxe":1},"minecraft:used":{"minecraft:stone_sword":96,"minecraft:chest":12,"minecraft:shield":35,"minecraft:cooked_chicken":4,"minecraft:stone_hoe":106,"minecraft:torch":18,"minecraft:dirt":63,"minecraft:carrot":8,"minecraft:big_dripleaf":5,"minecraft:birch_door":5,"minecraft:glass":32,"minecraft:birch_sapling":5,"minecraft:furnace":9,"minecraft:acacia_fence":31,"minecraft:potato":27,"minecraft:acacia_planks":152,"minecraft:wheat_seeds":46,"minecraft:cooked_mutton":2,"minecraft:birch_planks":3,"minecraft:stone_pickaxe":128,"minecraft:wooden_pickaxe":74,"minecraft:sugar_cane":20,"minecraft:glow_berries":42,"minecraft:crafting_table":8,"minecraft:crossbow":1,"cobblemon:healing_machine":5,"minecraft:pumpkin_seeds":4,"cobblemon:green_apricorn_seed":1,"minecraft:birch_slab":2,"minecraft:iron_pickaxe":8,"minecraft:spruce_sapling":1,"minecraft:stone_axe":146,"minecraft:cobblestone":1,"minecraft:cooked_porkchop":5,"cobblemon:blue_apricorn_seed":2},"minecraft:picked_up":{"minecraft:crafting_table":6,"minecraft:charcoal":1,"minecraft:iron_chestplate":1,"minecraft:birch_door":3,"minecraft:wheat":11,"minecraft:chicken":16,"cobblemon:yellow_apricorn":6,"cobblemon:red_apricorn":4,"minecraft:wooden_pickaxe":7,"minecraft:shield":4,"minecraft:string":18,"minecraft:moss_carpet":6,"minecraft:raw_copper":264,"cobblemon:revival_herb":45,"minecraft:cracked_stone_bricks":4,"minecraft:cobbled_deepslate":38,"cobblemon:green_apricorn":11,"minecraft:spruce_planks":110,"minecraft:azalea":2,"minecraft:iron_pickaxe":1,"cobblemon:pep_up_flower":10,"minecraft:sugar_cane":26,"minecraft:birch_sapling":47,"cobblemon:green_apricorn_seed":2,"minecraft:furnace":5,"minecraft:egg":5,"minecraft:stick":26,"minecraft:raw_iron":23,"minecraft:acacia_fence":2,"minecraft:big_dripleaf":9,"minecraft:torch":64,"minecraft:acacia_log":108,"minecraft:porkchop":24,"minecraft:white_dye":15,"minecraft:carrot":8,"minecraft:redstone":60,"minecraft:rabbit_foot":2,"minecraft:stone_sword":7,"minecraft:arrow":12,"minecraft:rotten_flesh":30,"minecraft:glow_berries":32,"minecraft:mutton":4,"cobblemon:blue_apricorn":30,"minecraft:white_wool":2,"minecraft:cobblestone":504,"minecraft:birch_log":116,"minecraft:feather":7,"minecraft:andesite":8,"minecraft:potato":26,"minecraft:red_mushroom":6,"minecraft:birch_planks":225,"minecraft:oak_log":7,"minecraft:dirt":280,"minecraft:white_banner":1,"minecraft:glass":1,"minecraft:bone":6,"minecraft:acacia_planks":84,"minecraft:wheat_seeds":60,"minecraft:rabbit_hide":2,"minecraft:iron_ingot":7,"minecraft:stone_pickaxe":4,"minecraft:rabbit":1,"minecraft:moss_block":22,"minecraft:acacia_sapling":2,"minecraft:iron_sword":1,"minecraft:oak_planks":32,"minecraft:flowering_azalea":9,"minecraft:pumpkin":16,"minecraft:dandelion":2,"cobblemon:blue_apricorn_seed":7,"minecraft:sand":33,"minecraft:spruce_sapling":1,"cobblemon:pink_apricorn":3,"minecraft:spruce_log":6,"cobblemon:healing_machine":5,"minecraft:diamond":1,"minecraft:stone_axe":6,"minecraft:crossbow":2,"minecraft:black_wool":4,"minecraft:coal":73},"minecraft:custom":{"minecraft:mob_kills":29,"minecraft:interact_with_crafting_table":49,"minecraft:leave_game":1,"minecraft:time_since_death":149309,"minecraft:climb_one_cm":7754,"minecraft:sprint_one_cm":185434,"minecraft:walk_one_cm":747993,"minecraft:damage_blocked_by_shield":740,"minecraft:drop":57,"minecraft:deaths":7,"minecraft:play_time":245319,"minecraft:sneak_time":1636,"minecraft:walk_under_water_one_cm":8827,"minecraft:boat_one_cm":52977,"minecraft:jump":1526,"minecraft:walk_on_water_one_cm":36660,"minecraft:total_world_time":245319,"minecraft:interact_with_furnace":47,"minecraft:time_since_rest":149341,"minecraft:damage_taken":3151,"minecraft:damage_dealt":3885,"minecraft:swim_one_cm":5803,"minecraft:fly_one_cm":90255,"minecraft:open_chest":38,"minecraft:crouch_one_cm":5142,"minecraft:fall_one_cm":27522},"minecraft:killed":{"minecraft:spider":2,"minecraft:skeleton":1,"minecraft:chicken":5,"minecraft:pig":9,"minecraft:sheep":2,"minecraft:pillager":4,"minecraft:zombie":5}},"DataVersion":3465}