{"stats":{"minecraft:killed_by":{"minecraft:skeleton":1,"minecraft:creeper":2},"minecraft:mined":{"minecraft:birch_log":54,"minecraft:spruce_log":6,"minecraft:birch_leaves":1,"minecraft:crafting_table":2,"cobblemon:apricorn_leaves":1,"minecraft:grass":3,"minecraft:grass_block":3,"minecraft:oak_log":4,"minecraft:spruce_leaves":1,"minecraft:stone":20,"minecraft:oak_leaves":4},"minecraft:used":{"minecraft:stone_sword":1,"minecraft:birch_sapling":5,"minecraft:wooden_pickaxe":22,"minecraft:spruce_sapling":1,"minecraft:stone_axe":55,"minecraft:crafting_table":2},"minecraft:crafted":{"minecraft:oak_planks":16,"minecraft:crafting_table":1,"minecraft:spruce_planks":24,"minecraft:stick":8,"minecraft:stone_sword":1,"minecraft:birch_planks":4,"minecraft:stone_axe":2},"minecraft:picked_up":{"minecraft:birch_log":54,"minecraft:stick":24,"minecraft:crafting_table":5,"minecraft:chicken":9,"cobblemon:yellow_apricorn":3,"minecraft:wooden_pickaxe":3,"minecraft:oak_log":4,"minecraft:spruce_sapling":1,"minecraft:spruce_log":6,"minecraft:string":4,"minecraft:dirt":77,"minecraft:stone_sword":2,"minecraft:stone_axe":1,"minecraft:wheat_seeds":2,"minecraft:spruce_planks":72,"minecraft:black_wool":1,"minecraft:mutton":2,"minecraft:birch_sapling":17,"minecraft:oak_planks":24,"minecraft:cobblestone":20},"minecraft:killed":{"minecraft:sheep":1},"minecraft:custom":{"minecraft:time_since_rest":8675,"minecraft:sprint_one_cm":44440,"minecraft:damage_taken":860,"minecraft:walk_one_cm":98963,"minecraft:mob_kills":1,"minecraft:damage_dealt":434,"minecraft:swim_one_cm":3286,"minecraft:interact_with_crafting_table":2,"minecraft:fly_one_cm":13489,"minecraft:crouch_one_cm":1055,"minecraft:play_time":32740,"minecraft:deaths":3,"minecraft:sneak_time":175,"minecraft:walk_under_water_one_cm":2090,"minecraft:boat_one_cm":52977,"minecraft:jump":178,"minecraft:walk_on_water_one_cm":2675,"minecraft:time_since_death":8626,"minecraft:total_world_time":32740,"minecraft:fall_one_cm":2827}},"DataVersion":3465}