{"stats":{"minecraft:used":{"minecraft:stone_sword":8,"minecraft:stone_pickaxe":110,"minecraft:wooden_pickaxe":59,"minecraft:cooked_chicken":2,"minecraft:torch":3,"minecraft:glow_berries":24,"minecraft:dirt":29,"minecraft:crafting_table":3,"minecraft:big_dripleaf":5,"minecraft:birch_sapling":5,"minecraft:spruce_sapling":1,"minecraft:stone_axe":72,"minecraft:furnace":1},"minecraft:broken":{"minecraft:wooden_pickaxe":1},"minecraft:crafted":{"minecraft:oak_planks":16,"minecraft:crafting_table":1,"minecraft:spruce_planks":24,"minecraft:cooked_chicken":3,"minecraft:birch_planks":4,"minecraft:stone_axe":2,"minecraft:air":0,"minecraft:white_dye":5,"minecraft:stick":8,"minecraft:iron_ingot":9,"minecraft:stone_pickaxe":1,"minecraft:stone_sword":1,"minecraft:torch":4},"minecraft:mined":{"minecraft:flowering_azalea":2,"cobblemon:revival_herb":3,"minecraft:cave_vines_plant":26,"minecraft:torch":2,"minecraft:crafting_table":2,"cobblemon:apricorn_leaves":1,"minecraft:grass_block":4,"minecraft:copper_ore":9,"minecraft:tall_grass":1,"minecraft:spruce_leaves":1,"minecraft:moss_block":3,"minecraft:wall_torch":1,"minecraft:big_dripleaf":1,"minecraft:birch_log":62,"minecraft:iron_ore":17,"minecraft:spruce_log":6,"minecraft:andesite":2,"minecraft:birch_leaves":3,"minecraft:big_dripleaf_stem":1,"minecraft:grass":3,"minecraft:coal_ore":26,"minecraft:oak_log":11,"minecraft:cave_vines":29,"minecraft:vine":1,"minecraft:dirt":1,"minecraft:azalea":1,"minecraft:stone":111,"minecraft:oak_leaves":4},"minecraft:picked_up":{"minecraft:birch_log":62,"minecraft:charcoal":1,"minecraft:crafting_table":5,"minecraft:chicken":9,"minecraft:andesite":4,"cobblemon:yellow_apricorn":5,"minecraft:wooden_pickaxe":4,"minecraft:red_mushroom":4,"minecraft:birch_planks":4,"minecraft:oak_log":7,"minecraft:shield":1,"minecraft:dirt":153,"minecraft:string":6,"minecraft:moss_carpet":2,"minecraft:raw_copper":32,"cobblemon:revival_herb":18,"minecraft:wheat_seeds":6,"minecraft:spruce_planks":96,"minecraft:stone_pickaxe":1,"minecraft:azalea":2,"cobblemon:pep_up_flower":10,"minecraft:moss_block":22,"minecraft:iron_sword":1,"minecraft:birch_sapling":27,"minecraft:oak_planks":32,"minecraft:flowering_azalea":3,"minecraft:furnace":1,"minecraft:stick":24,"minecraft:raw_iron":23,"minecraft:big_dripleaf":9,"minecraft:torch":59,"minecraft:spruce_sapling":1,"minecraft:spruce_log":6,"minecraft:stone_sword":5,"minecraft:rotten_flesh":6,"minecraft:stone_axe":2,"minecraft:black_wool":2,"minecraft:glow_berries":29,"minecraft:mutton":2,"minecraft:coal":52,"minecraft:cobblestone":199},"minecraft:dropped":{"minecraft:iron_ingot":2,"minecraft:iron_sword":1,"minecraft:cooked_chicken":1,"minecraft:oak_log":3,"minecraft:stone_sword":2,"minecraft:raw_iron":5,"minecraft:rotten_flesh":4,"minecraft:coal":2,"minecraft:torch":56,"minecraft:spruce_planks":24,"minecraft:charcoal":1},"minecraft:killed_by":{"minecraft:skeleton":1,"minecraft:creeper":3},"minecraft:custom":{"minecraft:interact_with_furnace":13,"minecraft:mob_kills":2,"minecraft:interact_with_crafting_table":5,"minecraft:time_since_death":14078,"minecraft:time_since_rest":14156,"minecraft:sprint_one_cm":48265,"minecraft:damage_taken":1490,"minecraft:walk_one_cm":200059,"minecraft:drop":21,"minecraft:damage_dealt":793,"minecraft:swim_one_cm":3286,"minecraft:fly_one_cm":15911,"minecraft:crouch_one_cm":1673,"minecraft:deaths":4,"minecraft:play_time":62447,"minecraft:sneak_time":415,"minecraft:walk_under_water_one_cm":4501,"minecraft:boat_one_cm":52977,"minecraft:jump":434,"minecraft:walk_on_water_one_cm":22178,"minecraft:total_world_time":62447,"minecraft:fall_one_cm":9324},"minecraft:killed":{"minecraft:sheep":1,"minecraft:zombie":1}},"DataVersion":3465}