{"stats":{"minecraft:killed_by":{"minecraft:skeleton":1,"minecraft:creeper":2},"minecraft:mined":{"minecraft:birch_log":62,"minecraft:spruce_log":6,"minecraft:birch_leaves":3,"minecraft:torch":1,"minecraft:crafting_table":2,"cobblemon:apricorn_leaves":1,"minecraft:grass":3,"minecraft:grass_block":4,"minecraft:oak_log":11,"minecraft:spruce_leaves":1,"minecraft:stone":108,"minecraft:oak_leaves":4},"minecraft:used":{"minecraft:stone_sword":2,"minecraft:stone_pickaxe":51,"minecraft:birch_sapling":5,"minecraft:wooden_pickaxe":59,"minecraft:spruce_sapling":1,"minecraft:cooked_chicken":2,"minecraft:stone_axe":72,"minecraft:torch":1,"minecraft:crafting_table":3,"minecraft:furnace":1},"minecraft:crafted":{"minecraft:oak_planks":16,"minecraft:crafting_table":1,"minecraft:spruce_planks":24,"minecraft:stick":8,"minecraft:stone_pickaxe":1,"minecraft:cooked_chicken":3,"minecraft:stone_sword":1,"minecraft:torch":4,"minecraft:birch_planks":4,"minecraft:stone_axe":2,"minecraft:air":0},"minecraft:picked_up":{"minecraft:birch_log":62,"minecraft:stick":24,"minecraft:crafting_table":5,"minecraft:chicken":9,"cobblemon:yellow_apricorn":3,"minecraft:torch":1,"minecraft:wooden_pickaxe":3,"minecraft:red_mushroom":1,"minecraft:oak_log":7,"minecraft:spruce_sapling":1,"minecraft:spruce_log":6,"minecraft:string":4,"minecraft:dirt":87,"minecraft:stone_sword":2,"minecraft:rotten_flesh":2,"minecraft:stone_axe":1,"minecraft:wheat_seeds":3,"minecraft:spruce_planks":72,"minecraft:coal":2,"minecraft:black_wool":1,"minecraft:mutton":2,"minecraft:birch_sapling":17,"minecraft:oak_planks":24,"minecraft:cobblestone":102,"minecraft:furnace":1},"minecraft:killed":{"minecraft:sheep":1},"minecraft:dropped":{"minecraft:cooked_chicken":1,"minecraft:oak_log":3,"minecraft:torch":1,"minecraft:rotten_flesh":2,"minecraft:coal":2},"minecraft:broken":{"minecraft:wooden_pickaxe":1},"minecraft:custom":{"minecraft:time_since_rest":20675,"minecraft:interact_with_furnace":4,"minecraft:sprint_one_cm":48165,"minecraft:damage_taken":1090,"minecraft:walk_one_cm":142249,"minecraft:mob_kills":1,"minecraft:drop":7,"minecraft:damage_dealt":509,"minecraft:swim_one_cm":3286,"minecraft:interact_with_crafting_table":4,"minecraft:fly_one_cm":14793,"minecraft:crouch_one_cm":1245,"minecraft:play_time":44740,"minecraft:deaths":3,"minecraft:sneak_time":197,"minecraft:walk_under_water_one_cm":2184,"minecraft:boat_one_cm":52977,"minecraft:jump":239,"minecraft:walk_on_water_one_cm":3632,"minecraft:time_since_death":20626,"minecraft:total_world_time":44740,"minecraft:fall_one_cm":4354}},"DataVersion":3465}