{"stats":{"minecraft:used":{"minecraft:crafting_table":1,"minecraft:wooden_pickaxe":7,"minecraft:spruce_sapling":1},"minecraft:mined":{"minecraft:grass":3,"minecraft:grass_block":2,"minecraft:oak_log":4,"minecraft:stone":5,"minecraft:spruce_leaves":1,"minecraft:spruce_log":6,"minecraft:oak_leaves":4},"minecraft:crafted":{"minecraft:stone_sword":1,"minecraft:oak_planks":16,"minecraft:crafting_table":1,"minecraft:spruce_planks":24,"minecraft:stick":4},"minecraft:picked_up":{"minecraft:chicken":2,"minecraft:wooden_pickaxe":1,"minecraft:oak_log":4,"minecraft:spruce_sapling":1,"minecraft:spruce_log":6,"minecraft:dirt":1,"minecraft:cobblestone":5},"minecraft:custom":{"minecraft:time_since_rest":20740,"minecraft:crouch_one_cm":628,"minecraft:sprint_one_cm":17348,"minecraft:play_time":20740,"minecraft:damage_taken":180,"minecraft:walk_one_cm":44109,"minecraft:sneak_time":112,"minecraft:walk_under_water_one_cm":2090,"minecraft:boat_one_cm":52977,"minecraft:jump":53,"minecraft:damage_dealt":262,"minecraft:time_since_death":20740,"minecraft:walk_on_water_one_cm":2675,"minecraft:total_world_time":20740,"minecraft:interact_with_crafting_table":1,"minecraft:swim_one_cm":3286,"minecraft:fall_one_cm":458,"minecraft:fly_one_cm":3455}},"DataVersion":3465}