{"stats":{"minecraft:used":{"minecraft:stone_sword":96,"minecraft:chest":2,"minecraft:shield":35,"minecraft:stone_hoe":18,"minecraft:cooked_chicken":4,"minecraft:torch":5,"minecraft:dirt":60,"minecraft:big_dripleaf":5,"minecraft:birch_door":5,"minecraft:glass":30,"minecraft:birch_sapling":5,"minecraft:furnace":3,"minecraft:acacia_fence":2,"minecraft:acacia_planks":117,"minecraft:wheat_seeds":9,"minecraft:cooked_mutton":2,"minecraft:birch_planks":3,"minecraft:stone_pickaxe":126,"minecraft:wooden_pickaxe":74,"minecraft:sugar_cane":2,"minecraft:glow_berries":42,"minecraft:crafting_table":4,"minecraft:crossbow":1,"cobblemon:healing_machine":5,"minecraft:pumpkin_seeds":4,"cobblemon:green_apricorn_seed":1,"minecraft:birch_slab":2,"minecraft:iron_pickaxe":8,"minecraft:spruce_sapling":1,"minecraft:stone_axe":141,"minecraft:cobblestone":1,"minecraft:cooked_porkchop":3,"cobblemon:blue_apricorn_seed":2},"minecraft:broken":{"minecraft:wooden_pickaxe":1,"minecraft:stone_pickaxe":1,"minecraft:stone_axe":1},"minecraft:mined":{"minecraft:cave_vines_plant":29,"minecraft:dark_oak_fence":2,"minecraft:acacia_log":36,"minecraft:grass_block":37,"minecraft:spruce_leaves":1,"minecraft:moss_block":3,"cobblemon:blue_apricorn":1,"minecraft:iron_ore":17,"minecraft:andesite":2,"minecraft:pumpkin":10,"minecraft:big_dripleaf_stem":1,"cobblemon:green_apricorn_sapling":1,"minecraft:cave_vines":29,"minecraft:vine":1,"minecraft:azalea":1,"minecraft:stone":118,"minecraft:acacia_leaves":1,"minecraft:flowering_azalea":2,"cobblemon:revival_herb":3,"minecraft:crafting_table":2,"cobblemon:apricorn_leaves":3,"minecraft:torch":2,"minecraft:tall_grass":4,"cobblemon:pinap_berry":1,"minecraft:copper_ore":15,"minecraft:sugar_cane":1,"minecraft:wall_torch":1,"minecraft:big_dripleaf":1,"minecraft:birch_planks":3,"minecraft:birch_log":62,"minecraft:birch_leaves":3,"minecraft:spruce_log":6,"minecraft:birch_door":3,"minecraft:grass":107,"minecraft:oak_log":11,"minecraft:coal_ore":28,"minecraft:acacia_fence":2,"minecraft:sand":32,"minecraft:dirt":2,"minecraft:acacia_planks":1,"cobblemon:blue_apricorn_sapling":1,"minecraft:oak_leaves":4,"minecraft:deepslate":16},"minecraft:crafted":{"minecraft:oak_planks":16,"minecraft:cooked_chicken":5,"minecraft:birch_slab":12,"minecraft:furnace":2,"minecraft:cooked_mutton":2,"minecraft:glass":30,"minecraft:stone_pickaxe":2,"minecraft:chest":2,"minecraft:acacia_fence":12,"minecraft:birch_door":3,"minecraft:stone_hoe":1,"minecraft:cooked_porkchop":17,"minecraft:crafting_table":2,"minecraft:spruce_planks":24,"minecraft:birch_planks":220,"minecraft:pumpkin_seeds":4,"minecraft:stone_axe":3,"minecraft:air":0,"minecraft:white_dye":5,"minecraft:stick":40,"minecraft:iron_ingot":9,"minecraft:birch_trapdoor":2,"minecraft:stone_sword":2,"minecraft:acacia_planks":132,"minecraft:torch":4},"minecraft:picked_up":{"minecraft:birch_door":3,"minecraft:charcoal":1,"minecraft:crafting_table":5,"minecraft:iron_chestplate":1,"minecraft:chicken":16,"cobblemon:yellow_apricorn":6,"minecraft:wooden_pickaxe":7,"minecraft:shield":4,"cobblemon:revival_herb":45,"minecraft:string":18,"minecraft:moss_carpet":6,"minecraft:raw_copper":200,"minecraft:cobbled_deepslate":38,"cobblemon:green_apricorn":11,"minecraft:spruce_planks":96,"minecraft:azalea":2,"minecraft:iron_pickaxe":1,"cobblemon:pep_up_flower":10,"minecraft:sugar_cane":8,"cobblemon:green_apricorn_seed":2,"minecraft:birch_sapling":47,"minecraft:furnace":1,"minecraft:egg":3,"minecraft:raw_iron":23,"minecraft:stick":26,"minecraft:acacia_fence":2,"minecraft:big_dripleaf":9,"minecraft:torch":63,"minecraft:acacia_log":47,"minecraft:porkchop":24,"minecraft:white_dye":15,"minecraft:redstone":60,"minecraft:rabbit_foot":1,"minecraft:stone_sword":7,"minecraft:arrow":10,"minecraft:rotten_flesh":24,"minecraft:glow_berries":32,"minecraft:mutton":4,"cobblemon:blue_apricorn":20,"minecraft:white_wool":2,"minecraft:cobblestone":499,"minecraft:birch_log":116,"minecraft:feather":7,"minecraft:andesite":8,"minecraft:red_mushroom":6,"minecraft:birch_planks":225,"minecraft:oak_log":7,"minecraft:dirt":268,"minecraft:bone":5,"minecraft:acacia_planks":77,"minecraft:wheat_seeds":23,"minecraft:rabbit_hide":1,"minecraft:stone_pickaxe":4,"minecraft:iron_ingot":7,"minecraft:rabbit":1,"minecraft:moss_block":22,"minecraft:flowering_azalea":9,"minecraft:oak_planks":32,"minecraft:iron_sword":1,"minecraft:acacia_sapling":2,"minecraft:pumpkin":10,"minecraft:dandelion":2,"cobblemon:blue_apricorn_seed":7,"minecraft:sand":32,"minecraft:spruce_sapling":1,"cobblemon:pink_apricorn":3,"minecraft:spruce_log":6,"cobblemon:healing_machine":5,"minecraft:diamond":1,"minecraft:stone_axe":6,"minecraft:crossbow":2,"minecraft:black_wool":3,"minecraft:coal":54},"minecraft:dropped":{"minecraft:iron_ingot":2,"minecraft:iron_sword":1,"minecraft:oak_log":3,"cobblemon:blue_apricorn":3,"minecraft:diamond":1,"minecraft:cobblestone":6,"minecraft:glow_berries":2,"minecraft:coal":2,"minecraft:red_mushroom":1,"cobblemon:pink_apricorn":1,"minecraft:torch":56,"minecraft:iron_pickaxe":1,"cobblemon:blue_apricorn_seed":1,"minecraft:string":2,"minecraft:redstone":60,"minecraft:bone":2,"minecraft:stone_axe":1,"minecraft:cooked_chicken":1,"minecraft:stone_sword":2,"minecraft:cobbled_deepslate":8,"minecraft:raw_iron":5,"minecraft:rotten_flesh":12,"cobblemon:yellow_apricorn":1,"minecraft:shield":2,"minecraft:spruce_planks":24,"minecraft:iron_chestplate":1,"minecraft:charcoal":1,"minecraft:andesite":2,"minecraft:arrow":2,"minecraft:wooden_pickaxe":1},"minecraft:killed_by":{"minecraft:creeper":4,"minecraft:pillager":1,"minecraft:skeleton":2},"minecraft:custom":{"minecraft:mob_kills":29,"minecraft:interact_with_crafting_table":29,"minecraft:time_since_death":50437,"minecraft:climb_one_cm":574,"minecraft:sprint_one_cm":163566,"minecraft:walk_one_cm":577868,"minecraft:damage_blocked_by_shield":740,"minecraft:drop":54,"minecraft:play_time":146447,"minecraft:deaths":7,"minecraft:sneak_time":1534,"minecraft:walk_under_water_one_cm":6800,"minecraft:boat_one_cm":52977,"minecraft:jump":1349,"minecraft:walk_on_water_one_cm":29789,"minecraft:total_world_time":146447,"minecraft:interact_with_furnace":42,"minecraft:time_since_rest":50469,"minecraft:damage_taken":2936,"minecraft:damage_dealt":3885,"minecraft:swim_one_cm":5803,"minecraft:fly_one_cm":81609,"minecraft:open_chest":22,"minecraft:crouch_one_cm":5127,"minecraft:fall_one_cm":25057},"minecraft:killed":{"minecraft:spider":2,"minecraft:skeleton":1,"minecraft:chicken":5,"minecraft:pig":9,"minecraft:sheep":2,"minecraft:pillager":4,"minecraft:zombie":5}},"DataVersion":3465}