{"stats":{"minecraft:killed_by":{"minecraft:creeper":4,"minecraft:pillager":1,"minecraft:skeleton":2},"minecraft:crafted":{"minecraft:oak_planks":16,"minecraft:stone_shovel":1,"minecraft:leather_boots":1,"minecraft:cooked_chicken":15,"minecraft:birch_slab":12,"minecraft:furnace":4,"minecraft:cooked_mutton":4,"minecraft:glass":32,"minecraft:ladder":12,"minecraft:stone_pickaxe":4,"minecraft:chest":12,"minecraft:acacia_fence":30,"minecraft:birch_door":3,"cobblemon:azure_ball":8,"minecraft:stone_hoe":1,"minecraft:cooked_rabbit":2,"minecraft:cooked_porkchop":17,"minecraft:crafting_table":6,"minecraft:spruce_planks":24,"minecraft:copper_ingot":61,"minecraft:leather_helmet":1,"minecraft:birch_planks":220,"minecraft:pumpkin_seeds":4,"minecraft:stone_axe":3,"minecraft:bread":4,"minecraft:air":0,"cobblemon:poke_ball":4,"minecraft:iron_chestplate":1,"minecraft:white_dye":5,"minecraft:stick":88,"minecraft:iron_ingot":21,"minecraft:birch_trapdoor":2,"minecraft:stone_sword":3,"minecraft:white_bed":2,"minecraft:acacia_planks":272,"minecraft:torch":20},"minecraft:dropped":{"minecraft:iron_ingot":2,"minecraft:iron_sword":1,"minecraft:oak_log":3,"cobblemon:blue_apricorn":3,"minecraft:diamond":1,"minecraft:poisonous_potato":1,"minecraft:cobblestone":6,"minecraft:glow_berries":2,"minecraft:coal":2,"minecraft:red_mushroom":1,"cobblemon:pink_apricorn":1,"minecraft:torch":56,"minecraft:iron_pickaxe":1,"cobblemon:blue_apricorn_seed":1,"minecraft:string":2,"minecraft:bone":2,"minecraft:redstone":60,"minecraft:stone_axe":1,"minecraft:cooked_chicken":1,"minecraft:stone_sword":2,"minecraft:cobbled_deepslate":8,"minecraft:raw_copper":64,"minecraft:raw_iron":5,"minecraft:rotten_flesh":19,"cobblemon:yellow_apricorn":1,"minecraft:shield":2,"minecraft:spruce_planks":24,"minecraft:andesite":2,"minecraft:iron_chestplate":1,"minecraft:charcoal":1,"minecraft:arrow":2,"minecraft:wooden_pickaxe":1},"minecraft:killed":{"minecraft:spider":2,"minecraft:skeleton":2,"minecraft:chicken":5,"minecraft:pig":9,"cobblemon:pokemon":1,"minecraft:sheep":3,"minecraft:pillager":4,"minecraft:zombie":9},"minecraft:broken":{"minecraft:wooden_pickaxe":1,"minecraft:stone_pickaxe":2,"minecraft:stone_axe":1},"minecraft:mined":{"cobblemon:big_root":2,"minecraft:cave_vines_plant":29,"minecraft:dark_oak_fence":2,"minecraft:acacia_log":42,"minecraft:grass_block":60,"minecraft:spruce_leaves":1,"minecraft:moss_block":3,"cobblemon:blue_apricorn":1,"minecraft:furnace":2,"minecraft:carrots":8,"minecraft:iron_ore":39,"minecraft:andesite":2,"minecraft:pumpkin":10,"minecraft:big_dripleaf_stem":1,"minecraft:pointed_dripstone":3,"minecraft:vine":1,"minecraft:potatoes":23,"cobblemon:green_apricorn_sapling":1,"minecraft:cave_vines":29,"minecraft:azalea":1,"minecraft:stone":159,"minecraft:acacia_leaves":1,"minecraft:flowering_azalea":2,"cobblemon:revival_herb":3,"minecraft:crafting_table":5,"minecraft:torch":4,"cobblemon:apricorn_leaves":3,"minecraft:copper_ore":23,"cobblemon:pinap_berry":1,"minecraft:glass":2,"minecraft:tall_grass":4,"cobblemon:chilan_berry":4,"minecraft:sugar_cane":24,"minecraft:wall_torch":1,"minecraft:big_dripleaf":1,"minecraft:birch_planks":3,"minecraft:birch_log":62,"minecraft:wheat":17,"minecraft:spruce_log":6,"minecraft:birch_leaves":3,"minecraft:birch_door":3,"minecraft:grass":111,"minecraft:coal_ore":139,"minecraft:oak_log":11,"minecraft:acacia_fence":2,"minecraft:sand":33,"minecraft:dirt":20,"minecraft:acacia_planks":5,"cobblemon:blue_apricorn_sapling":1,"minecraft:oak_leaves":4,"minecraft:deepslate":16},"minecraft:picked_up":{"minecraft:crafting_table":8,"minecraft:charcoal":1,"minecraft:iron_chestplate":1,"minecraft:birch_door":3,"minecraft:wheat":14,"minecraft:chicken":18,"cobblemon:yellow_apricorn":6,"cobblemon:red_apricorn":9,"minecraft:wooden_pickaxe":7,"cobblemon:charti_berry":1,"minecraft:shield":4,"minecraft:string":18,"minecraft:moss_carpet":6,"minecraft:raw_copper":292,"cobblemon:revival_herb":45,"minecraft:cracked_stone_bricks":4,"minecraft:cobbled_deepslate":38,"cobblemon:green_apricorn":11,"minecraft:spruce_planks":110,"minecraft:azalea":2,"cobblemon:big_root":1,"minecraft:iron_pickaxe":1,"cobblemon:pep_up_flower":10,"minecraft:sugar_cane":56,"minecraft:birch_sapling":47,"cobblemon:green_apricorn_seed":2,"minecraft:furnace":5,"minecraft:egg":5,"minecraft:dark_oak_sapling":1,"minecraft:stick":26,"minecraft:raw_iron":44,"minecraft:acacia_fence":2,"minecraft:big_dripleaf":9,"minecraft:torch":65,"minecraft:acacia_log":114,"minecraft:porkchop":24,"minecraft:white_dye":15,"minecraft:pointed_dripstone":4,"minecraft:carrot":28,"minecraft:redstone":60,"minecraft:rabbit_foot":2,"minecraft:stone_sword":7,"minecraft:arrow":14,"minecraft:rotten_flesh":30,"minecraft:glow_berries":32,"minecraft:mutton":6,"cobblemon:blue_apricorn":34,"minecraft:white_wool":10,"minecraft:cobblestone":545,"minecraft:birch_log":116,"minecraft:feather":9,"minecraft:andesite":8,"minecraft:red_mushroom":6,"minecraft:potato":83,"minecraft:birch_planks":225,"minecraft:oak_log":7,"minecraft:dirt":317,"minecraft:white_banner":1,"minecraft:bone":8,"minecraft:glass":1,"minecraft:acacia_planks":84,"minecraft:wheat_seeds":72,"minecraft:rabbit_hide":2,"minecraft:iron_ingot":7,"minecraft:stone_pickaxe":4,"minecraft:rabbit":1,"minecraft:moss_block":22,"minecraft:acacia_sapling":2,"minecraft:iron_sword":1,"minecraft:oak_planks":32,"minecraft:flowering_azalea":9,"cobblemon:chilan_berry":12,"cobblemon:red_apricorn_seed":1,"minecraft:pumpkin":16,"minecraft:poisonous_potato":1,"minecraft:dandelion":2,"cobblemon:blue_apricorn_seed":7,"minecraft:sand":33,"minecraft:spruce_sapling":1,"cobblemon:pink_apricorn":3,"minecraft:spruce_log":6,"cobblemon:healing_machine":5,"cobblemon:poke_ball":1,"minecraft:diamond":1,"minecraft:stone_axe":6,"minecraft:crossbow":2,"minecraft:black_wool":4,"minecraft:coal":184},"minecraft:used":{"minecraft:stone_sword":122,"minecraft:stone_shovel":18,"minecraft:chest":12,"minecraft:shield":35,"minecraft:cooked_chicken":4,"minecraft:stone_hoe":109,"minecraft:torch":19,"minecraft:dirt":127,"minecraft:carrot":16,"minecraft:big_dripleaf":5,"minecraft:birch_door":5,"minecraft:glass":32,"minecraft:birch_sapling":5,"minecraft:furnace":9,"minecraft:acacia_fence":31,"minecraft:potato":70,"minecraft:acacia_planks":152,"minecraft:wheat_seeds":59,"minecraft:cooked_mutton":2,"minecraft:birch_planks":3,"minecraft:stone_pickaxe":310,"minecraft:wooden_pickaxe":74,"minecraft:sugar_cane":20,"minecraft:glow_berries":42,"minecraft:crafting_table":10,"minecraft:crossbow":3,"minecraft:white_bed":2,"cobblemon:healing_machine":5,"minecraft:pumpkin_seeds":4,"cobblemon:green_apricorn_seed":2,"minecraft:birch_slab":2,"minecraft:iron_pickaxe":8,"minecraft:spruce_sapling":1,"minecraft:stone_axe":154,"cobblemon:red_apricorn_seed":1,"minecraft:cobblestone":33,"minecraft:cooked_porkchop":9,"cobblemon:blue_apricorn_seed":4},"minecraft:custom":{"minecraft:mob_kills":37,"minecraft:interact_with_crafting_table":66,"minecraft:leave_game":2,"minecraft:time_since_death":230992,"minecraft:climb_one_cm":15004,"minecraft:sprint_one_cm":234319,"minecraft:walk_one_cm":987769,"minecraft:damage_blocked_by_shield":740,"minecraft:drop":59,"minecraft:deaths":7,"minecraft:play_time":327002,"minecraft:sneak_time":4993,"minecraft:walk_under_water_one_cm":10413,"minecraft:boat_one_cm":52977,"minecraft:jump":2007,"minecraft:walk_on_water_one_cm":43276,"minecraft:total_world_time":327002,"minecraft:interact_with_furnace":76,"minecraft:time_since_rest":231024,"minecraft:damage_taken":3482,"minecraft:damage_dealt":4753,"minecraft:swim_one_cm":7321,"minecraft:fly_one_cm":100597,"minecraft:open_chest":87,"minecraft:crouch_one_cm":13407,"minecraft:fall_one_cm":33468}},"DataVersion":3465}