{"stats":{"minecraft:mined":{"minecraft:grass":1,"minecraft:oak_log":4,"minecraft:grass_block":2,"minecraft:oak_leaves":4},"minecraft:picked_up":{"minecraft:oak_log":4,"minecraft:chicken":1,"minecraft:wooden_pickaxe":1,"minecraft:dirt":1},"minecraft:custom":{"minecraft:jump":10,"minecraft:time_since_rest":8740,"minecraft:damage_dealt":139,"minecraft:crouch_one_cm":111,"minecraft:play_time":8740,"minecraft:walk_on_water_one_cm":1204,"minecraft:time_since_death":8740,"minecraft:walk_one_cm":14349,"minecraft:sneak_time":13,"minecraft:total_world_time":8740}},"DataVersion":3465}