{"stats":{"minecraft:used":{"minecraft:stone_sword":24,"minecraft:stone_pickaxe":117,"minecraft:shield":35,"minecraft:wooden_pickaxe":62,"minecraft:cooked_chicken":2,"minecraft:torch":3,"minecraft:glow_berries":42,"minecraft:dirt":31,"minecraft:crafting_table":3,"minecraft:big_dripleaf":5,"minecraft:birch_sapling":5,"minecraft:iron_pickaxe":8,"minecraft:spruce_sapling":1,"minecraft:stone_axe":72,"minecraft:furnace":1},"minecraft:broken":{"minecraft:wooden_pickaxe":1},"minecraft:crafted":{"minecraft:oak_planks":16,"minecraft:crafting_table":1,"minecraft:spruce_planks":24,"minecraft:cooked_chicken":3,"minecraft:birch_planks":220,"minecraft:stone_axe":2,"minecraft:air":0,"minecraft:white_dye":5,"minecraft:stick":8,"minecraft:iron_ingot":9,"minecraft:stone_pickaxe":1,"minecraft:stone_sword":1,"minecraft:torch":4},"minecraft:mined":{"minecraft:flowering_azalea":2,"cobblemon:revival_herb":3,"minecraft:cave_vines_plant":29,"minecraft:torch":2,"minecraft:crafting_table":2,"cobblemon:apricorn_leaves":1,"minecraft:grass_block":4,"minecraft:copper_ore":15,"minecraft:tall_grass":1,"minecraft:spruce_leaves":1,"minecraft:moss_block":3,"minecraft:wall_torch":1,"minecraft:big_dripleaf":1,"minecraft:birch_log":62,"minecraft:iron_ore":17,"minecraft:spruce_log":6,"minecraft:andesite":2,"minecraft:birch_leaves":3,"minecraft:big_dripleaf_stem":1,"minecraft:grass":3,"minecraft:coal_ore":26,"minecraft:oak_log":11,"minecraft:cave_vines":29,"minecraft:vine":1,"minecraft:dirt":1,"minecraft:azalea":1,"minecraft:stone":111,"minecraft:deepslate":8,"minecraft:oak_leaves":4},"minecraft:picked_up":{"minecraft:birch_log":116,"minecraft:charcoal":1,"minecraft:crafting_table":5,"minecraft:chicken":9,"minecraft:andesite":8,"cobblemon:yellow_apricorn":6,"minecraft:wooden_pickaxe":6,"minecraft:red_mushroom":6,"minecraft:birch_planks":124,"minecraft:oak_log":7,"minecraft:shield":3,"minecraft:dirt":223,"minecraft:string":14,"minecraft:moss_carpet":6,"minecraft:raw_copper":150,"cobblemon:revival_herb":36,"minecraft:bone":2,"minecraft:wheat_seeds":12,"minecraft:cobbled_deepslate":13,"minecraft:spruce_planks":96,"minecraft:iron_ingot":7,"minecraft:stone_pickaxe":2,"minecraft:azalea":2,"minecraft:iron_pickaxe":1,"cobblemon:pep_up_flower":10,"minecraft:moss_block":22,"minecraft:iron_sword":1,"minecraft:birch_sapling":47,"minecraft:oak_planks":32,"minecraft:flowering_azalea":7,"minecraft:furnace":1,"minecraft:stick":24,"minecraft:raw_iron":23,"minecraft:big_dripleaf":9,"minecraft:torch":63,"minecraft:dandelion":2,"cobblemon:blue_apricorn_seed":2,"minecraft:white_dye":10,"cobblemon:pink_apricorn":1,"minecraft:spruce_sapling":1,"minecraft:spruce_log":6,"minecraft:redstone":60,"minecraft:stone_sword":6,"minecraft:arrow":8,"minecraft:rotten_flesh":16,"minecraft:diamond":1,"minecraft:stone_axe":5,"cobblemon:blue_apricorn":9,"minecraft:black_wool":3,"minecraft:glow_berries":32,"minecraft:mutton":2,"minecraft:coal":52,"minecraft:cobblestone":401},"minecraft:dropped":{"minecraft:iron_ingot":2,"minecraft:iron_sword":1,"minecraft:stone_axe":1,"minecraft:cooked_chicken":1,"minecraft:oak_log":3,"minecraft:stone_sword":2,"minecraft:cobbled_deepslate":8,"cobblemon:blue_apricorn":3,"minecraft:diamond":1,"minecraft:cobblestone":6,"cobblemon:yellow_apricorn":1,"minecraft:raw_iron":5,"minecraft:glow_berries":2,"minecraft:rotten_flesh":4,"minecraft:coal":2,"cobblemon:pink_apricorn":1,"minecraft:shield":1,"minecraft:torch":56,"minecraft:spruce_planks":24,"minecraft:charcoal":1,"minecraft:arrow":2,"cobblemon:blue_apricorn_seed":1,"minecraft:iron_pickaxe":1,"minecraft:string":2,"minecraft:bone":2,"minecraft:redstone":60},"minecraft:killed_by":{"minecraft:skeleton":2,"minecraft:creeper":4},"minecraft:custom":{"minecraft:interact_with_furnace":13,"minecraft:mob_kills":7,"minecraft:interact_with_crafting_table":5,"minecraft:time_since_death":1127,"minecraft:climb_one_cm":574,"minecraft:time_since_rest":1354,"minecraft:sprint_one_cm":53611,"minecraft:damage_taken":2286,"minecraft:walk_one_cm":263373,"minecraft:damage_blocked_by_shield":740,"minecraft:drop":44,"minecraft:damage_dealt":1609,"minecraft:swim_one_cm":3286,"minecraft:fly_one_cm":17968,"minecraft:crouch_one_cm":3716,"minecraft:deaths":6,"minecraft:play_time":74447,"minecraft:sneak_time":1336,"minecraft:walk_under_water_one_cm":4501,"minecraft:boat_one_cm":52977,"minecraft:jump":604,"minecraft:walk_on_water_one_cm":24188,"minecraft:total_world_time":74447,"minecraft:fall_one_cm":13219},"minecraft:killed":{"minecraft:spider":2,"minecraft:sheep":1,"minecraft:zombie":3}},"DataVersion":3465}