{"stats":{"minecraft:used":{"minecraft:cooked_mutton":7,"minecraft:stone_sword":36,"minecraft:stone_pickaxe":137,"minecraft:shield":5,"minecraft:wooden_pickaxe":28,"minecraft:iron_sword":7,"minecraft:cooked_chicken":1,"minecraft:torch":17,"minecraft:glow_berries":5,"minecraft:dirt":17,"minecraft:crafting_table":7,"minecraft:honey_bottle":2,"minecraft:iron_pickaxe":16,"minecraft:stone_axe":8,"minecraft:cobblestone":6,"minecraft:sweet_berries":3,"minecraft:furnace":4,"minecraft:oak_sapling":4},"minecraft:crafted":{"minecraft:oak_planks":34,"minecraft:crafting_table":2,"minecraft:spruce_planks":8,"minecraft:wooden_pickaxe":2,"minecraft:iron_sword":1,"minecraft:furnace":2,"minecraft:birch_planks":26,"minecraft:stone_axe":1,"minecraft:cooked_mutton":7,"minecraft:air":0,"minecraft:iron_chestplate":1,"minecraft:shield":2,"minecraft:stick":68,"minecraft:iron_ingot":14,"minecraft:iron_pickaxe":1,"minecraft:stone_pickaxe":2,"minecraft:stone_sword":1,"minecraft:torch":120},"minecraft:mined":{"minecraft:deepslate_redstone_ore":2,"minecraft:lily_of_the_valley":1,"minecraft:stripped_birch_log":1,"minecraft:dandelion":2,"cobblemon:big_root":5,"minecraft:crafting_table":5,"minecraft:cave_vines_plant":5,"cobblemon:pink_apricorn":1,"minecraft:grass_block":1,"minecraft:tall_grass":1,"minecraft:sugar_cane":1,"minecraft:moss_block":3,"cobblemon:oran_berry":1,"minecraft:furnace":2,"minecraft:birch_log":3,"minecraft:iron_ore":14,"minecraft:sweet_berry_bush":2,"minecraft:spruce_log":2,"cobblemon:persim_berry":7,"minecraft:grass":1,"minecraft:coal_ore":36,"minecraft:oak_log":2,"minecraft:cave_vines":15,"minecraft:dirt":1,"minecraft:red_mushroom_block":1,"minecraft:stone":98,"minecraft:oak_leaves":7},"minecraft:picked_up":{"minecraft:birch_log":67,"minecraft:charcoal":5,"minecraft:crafting_table":7,"minecraft:air":0,"minecraft:suspicious_stew":1,"cobblemon:yellow_apricorn":4,"minecraft:wooden_pickaxe":5,"minecraft:red_mushroom":2,"minecraft:oak_log":9,"minecraft:stripped_birch_log":2,"minecraft:dirt":38,"minecraft:string":4,"minecraft:bone":2,"minecraft:spruce_planks":4,"minecraft:iron_ingot":2,"minecraft:stone_pickaxe":1,"minecraft:cooked_chicken":1,"minecraft:azalea":1,"cobblemon:big_root":10,"minecraft:glass_bottle":4,"minecraft:moss_block":5,"minecraft:sugar_cane":12,"minecraft:iron_sword":2,"minecraft:oak_planks":4,"minecraft:furnace":2,"minecraft:stick":42,"minecraft:raw_iron":19,"minecraft:sweet_berries":2,"minecraft:torch":113,"minecraft:dandelion":5,"cobblemon:blue_apricorn_seed":4,"cobblemon:persim_berry":35,"cobblemon:pink_apricorn":4,"minecraft:spruce_log":2,"minecraft:lily_of_the_valley":5,"minecraft:redstone":9,"minecraft:stone_sword":1,"minecraft:arrow":2,"minecraft:honey_bottle":1,"minecraft:rotten_flesh":8,"minecraft:stone_axe":1,"minecraft:gray_wool":2,"minecraft:oak_sapling":4,"minecraft:glow_berries":11,"minecraft:mutton":5,"minecraft:coal":50,"cobblemon:blue_apricorn":12,"minecraft:white_wool":4,"minecraft:cobblestone":247},"minecraft:dropped":{"minecraft:iron_sword":2,"minecraft:moss_block":4,"minecraft:cobblestone":53,"minecraft:rotten_flesh":6,"minecraft:lily_of_the_valley":1,"minecraft:dirt":3,"minecraft:gray_wool":1,"minecraft:shield":1,"minecraft:azalea":1,"minecraft:wooden_pickaxe":4,"minecraft:string":2,"minecraft:white_wool":2},"minecraft:killed_by":{"minecraft:skeleton":3,"minecraft:creeper":1,"minecraft:spider":1},"minecraft:custom":{"minecraft:interact_with_furnace":35,"minecraft:mob_kills":13,"minecraft:interact_with_crafting_table":22,"minecraft:time_since_death":13402,"minecraft:climb_one_cm":88,"minecraft:time_since_rest":13429,"minecraft:sprint_one_cm":237206,"minecraft:damage_taken":2507,"minecraft:walk_one_cm":360601,"minecraft:damage_blocked_by_shield":255,"minecraft:drop":19,"minecraft:damage_dealt":2314,"minecraft:swim_one_cm":12060,"minecraft:player_kills":1,"minecraft:fly_one_cm":109620,"minecraft:crouch_one_cm":5662,"minecraft:deaths":7,"minecraft:play_time":81698,"minecraft:sneak_time":1572,"minecraft:walk_under_water_one_cm":11435,"minecraft:boat_one_cm":26972,"minecraft:jump":1430,"minecraft:walk_on_water_one_cm":23900,"minecraft:total_world_time":81698,"minecraft:fall_one_cm":26151},"minecraft:killed":{"minecraft:spider":2,"minecraft:skeleton":1,"minecraft:sheep":3,"minecraft:zombie":4}},"DataVersion":3465}