{"stats":{"minecraft:killed_by":{"minecraft:skeleton":3,"minecraft:creeper":1,"minecraft:spider":1},"minecraft:mined":{"minecraft:lily_of_the_valley":1,"minecraft:stripped_birch_log":1,"minecraft:dandelion":2,"minecraft:crafting_table":5,"cobblemon:pink_apricorn":1,"minecraft:grass_block":1,"minecraft:sugar_cane":1,"cobblemon:oran_berry":1,"minecraft:furnace":1,"minecraft:birch_log":3,"minecraft:sweet_berry_bush":2,"minecraft:spruce_log":2,"cobblemon:persim_berry":7,"minecraft:oak_log":2,"minecraft:coal_ore":35,"minecraft:stone":16,"minecraft:oak_leaves":7},"minecraft:used":{"minecraft:cooked_mutton":3,"minecraft:stone_sword":11,"minecraft:stone_pickaxe":37,"minecraft:wooden_pickaxe":18,"minecraft:dirt":17,"minecraft:crafting_table":5,"minecraft:honey_bottle":2,"minecraft:stone_axe":7,"minecraft:sweet_berries":3,"minecraft:oak_sapling":4,"minecraft:furnace":1},"minecraft:crafted":{"minecraft:oak_planks":8,"minecraft:crafting_table":1,"minecraft:spruce_planks":8,"minecraft:wooden_pickaxe":2,"minecraft:furnace":1,"minecraft:stone_axe":1,"minecraft:cooked_mutton":5,"minecraft:stick":8,"minecraft:stone_pickaxe":1,"minecraft:stone_sword":1},"minecraft:picked_up":{"minecraft:birch_log":3,"minecraft:charcoal":4,"minecraft:crafting_table":7,"minecraft:air":0,"cobblemon:yellow_apricorn":3,"minecraft:wooden_pickaxe":4,"minecraft:oak_log":2,"minecraft:dirt":34,"minecraft:string":2,"minecraft:stripped_birch_log":1,"minecraft:spruce_planks":4,"minecraft:glass_bottle":3,"minecraft:sugar_cane":9,"minecraft:oak_planks":4,"minecraft:furnace":1,"minecraft:stick":3,"minecraft:sweet_berries":2,"minecraft:dandelion":4,"cobblemon:blue_apricorn_seed":3,"cobblemon:persim_berry":28,"cobblemon:pink_apricorn":3,"minecraft:spruce_log":2,"minecraft:lily_of_the_valley":3,"minecraft:honey_bottle":1,"minecraft:gray_wool":1,"minecraft:oak_sapling":4,"minecraft:mutton":5,"cobblemon:blue_apricorn":9,"minecraft:coal":44,"minecraft:white_wool":2,"minecraft:cobblestone":21},"minecraft:killed":{"minecraft:spider":1,"minecraft:sheep":3},"minecraft:dropped":{"minecraft:wooden_pickaxe":3},"minecraft:custom":{"minecraft:interact_with_furnace":8,"minecraft:mob_kills":5,"minecraft:interact_with_crafting_table":10,"minecraft:time_since_death":11510,"minecraft:time_since_rest":11553,"minecraft:sprint_one_cm":185141,"minecraft:damage_taken":1678,"minecraft:walk_one_cm":240035,"minecraft:drop":3,"minecraft:damage_dealt":920,"minecraft:swim_one_cm":11874,"minecraft:fly_one_cm":84068,"minecraft:player_kills":1,"minecraft:crouch_one_cm":3647,"minecraft:play_time":52047,"minecraft:deaths":6,"minecraft:sneak_time":943,"minecraft:walk_under_water_one_cm":11058,"minecraft:boat_one_cm":26972,"minecraft:jump":999,"minecraft:walk_on_water_one_cm":11457,"minecraft:total_world_time":52047,"minecraft:fall_one_cm":16586}},"DataVersion":3465}