{"stats":{"minecraft:killed_by":{"minecraft:spider":1},"minecraft:mined":{"minecraft:sweet_berry_bush":2,"minecraft:dandelion":2,"cobblemon:persim_berry":7,"minecraft:oak_leaves":1},"minecraft:used":{"minecraft:sweet_berries":3,"minecraft:honey_bottle":2},"minecraft:picked_up":{"minecraft:charcoal":1,"minecraft:honey_bottle":1,"minecraft:sweet_berries":2,"minecraft:dandelion":1,"cobblemon:persim_berry":7},"minecraft:custom":{"minecraft:time_since_rest":2464,"minecraft:crouch_one_cm":622,"minecraft:play_time":16047,"minecraft:sprint_one_cm":58819,"minecraft:deaths":1,"minecraft:damage_taken":410,"minecraft:walk_one_cm":58060,"minecraft:sneak_time":116,"minecraft:walk_under_water_one_cm":2990,"minecraft:jump":375,"minecraft:damage_dealt":331,"minecraft:time_since_death":2432,"minecraft:walk_on_water_one_cm":2738,"minecraft:total_world_time":16047,"minecraft:swim_one_cm":8554,"minecraft:fall_one_cm":6355,"minecraft:fly_one_cm":27828,"minecraft:player_kills":1}},"DataVersion":3465}