{"stats":{"minecraft:killed_by":{"minecraft:skeleton":3,"minecraft:creeper":1,"minecraft:spider":1},"minecraft:mined":{"minecraft:lily_of_the_valley":1,"minecraft:stripped_birch_log":1,"minecraft:dandelion":2,"minecraft:crafting_table":5,"cobblemon:pink_apricorn":1,"minecraft:grass_block":1,"minecraft:sugar_cane":1,"cobblemon:oran_berry":1,"minecraft:furnace":2,"minecraft:birch_log":3,"minecraft:iron_ore":1,"minecraft:sweet_berry_bush":2,"minecraft:spruce_log":2,"cobblemon:persim_berry":7,"minecraft:oak_log":2,"minecraft:coal_ore":36,"minecraft:dirt":1,"minecraft:red_mushroom_block":1,"minecraft:stone":93,"minecraft:oak_leaves":7},"minecraft:used":{"minecraft:cooked_mutton":7,"minecraft:stone_sword":31,"minecraft:stone_pickaxe":118,"minecraft:wooden_pickaxe":19,"minecraft:cooked_chicken":1,"minecraft:torch":3,"minecraft:dirt":17,"minecraft:crafting_table":6,"minecraft:honey_bottle":2,"minecraft:stone_axe":8,"minecraft:cobblestone":4,"minecraft:sweet_berries":3,"minecraft:oak_sapling":4,"minecraft:furnace":3},"minecraft:crafted":{"minecraft:oak_planks":34,"minecraft:crafting_table":1,"minecraft:spruce_planks":8,"minecraft:wooden_pickaxe":2,"minecraft:furnace":1,"minecraft:stone_axe":1,"minecraft:cooked_mutton":7,"minecraft:stick":68,"minecraft:iron_ingot":1,"minecraft:stone_pickaxe":1,"minecraft:stone_sword":1,"minecraft:torch":120},"minecraft:picked_up":{"minecraft:birch_log":3,"minecraft:charcoal":4,"minecraft:crafting_table":7,"minecraft:air":0,"cobblemon:yellow_apricorn":3,"minecraft:wooden_pickaxe":4,"minecraft:red_mushroom":2,"minecraft:oak_log":9,"minecraft:dirt":35,"minecraft:string":2,"minecraft:stripped_birch_log":1,"minecraft:spruce_planks":4,"minecraft:cooked_chicken":1,"minecraft:glass_bottle":3,"minecraft:sugar_cane":9,"minecraft:oak_planks":4,"minecraft:furnace":2,"minecraft:stick":3,"minecraft:raw_iron":1,"minecraft:sweet_berries":2,"minecraft:torch":1,"minecraft:dandelion":4,"cobblemon:blue_apricorn_seed":3,"cobblemon:persim_berry":28,"cobblemon:pink_apricorn":3,"minecraft:spruce_log":2,"minecraft:lily_of_the_valley":3,"minecraft:honey_bottle":1,"minecraft:rotten_flesh":4,"minecraft:gray_wool":1,"minecraft:oak_sapling":4,"minecraft:mutton":5,"cobblemon:blue_apricorn":9,"minecraft:coal":47,"minecraft:white_wool":2,"minecraft:cobblestone":104},"minecraft:killed":{"minecraft:spider":2,"minecraft:sheep":3,"minecraft:zombie":2},"minecraft:dropped":{"minecraft:rotten_flesh":2,"minecraft:wooden_pickaxe":3},"minecraft:custom":{"minecraft:interact_with_furnace":18,"minecraft:mob_kills":10,"minecraft:interact_with_crafting_table":11,"minecraft:time_since_death":23510,"minecraft:time_since_rest":23553,"minecraft:sprint_one_cm":206584,"minecraft:damage_taken":2188,"minecraft:walk_one_cm":302206,"minecraft:drop":4,"minecraft:damage_dealt":1788,"minecraft:swim_one_cm":11874,"minecraft:fly_one_cm":93634,"minecraft:player_kills":1,"minecraft:crouch_one_cm":4550,"minecraft:play_time":64047,"minecraft:deaths":6,"minecraft:sneak_time":1288,"minecraft:walk_under_water_one_cm":11058,"minecraft:boat_one_cm":26972,"minecraft:jump":1144,"minecraft:walk_on_water_one_cm":11923,"minecraft:total_world_time":64047,"minecraft:fall_one_cm":19993}},"DataVersion":3465}