{"stats":{"minecraft:used":{"minecraft:cooked_mutton":7,"minecraft:stone_sword":36,"minecraft:stone_pickaxe":137,"minecraft:shield":16,"minecraft:wooden_pickaxe":28,"minecraft:iron_sword":28,"minecraft:cooked_chicken":1,"minecraft:torch":51,"minecraft:glow_berries":26,"minecraft:dirt":17,"minecraft:crafting_table":7,"minecraft:carrot":2,"minecraft:honey_bottle":2,"minecraft:iron_pickaxe":48,"minecraft:stone_axe":9,"minecraft:cobblestone":10,"minecraft:sweet_berries":3,"minecraft:furnace":4,"minecraft:oak_sapling":4,"minecraft:birch_log":4,"minecraft:cobbled_deepslate":14},"minecraft:crafted":{"minecraft:oak_planks":34,"minecraft:crafting_table":2,"minecraft:spruce_planks":8,"minecraft:wooden_pickaxe":2,"minecraft:iron_sword":1,"minecraft:furnace":2,"minecraft:birch_planks":26,"minecraft:stone_axe":1,"minecraft:cooked_mutton":7,"minecraft:air":0,"minecraft:iron_chestplate":1,"minecraft:shield":2,"minecraft:stick":68,"minecraft:iron_ingot":14,"minecraft:iron_pickaxe":1,"minecraft:stone_pickaxe":2,"minecraft:stone_sword":1,"minecraft:torch":120},"minecraft:mined":{"minecraft:deepslate_redstone_ore":13,"minecraft:deepslate_diamond_ore":1,"minecraft:lily_of_the_valley":1,"minecraft:stripped_birch_log":1,"minecraft:dandelion":2,"cobblemon:big_root":5,"minecraft:crafting_table":5,"minecraft:cave_vines_plant":5,"cobblemon:pink_apricorn":1,"minecraft:grass_block":1,"minecraft:cobblestone":2,"minecraft:tall_grass":1,"minecraft:deepslate_gold_ore":6,"minecraft:sugar_cane":1,"minecraft:moss_block":3,"cobblemon:oran_berry":1,"minecraft:furnace":2,"minecraft:birch_log":4,"minecraft:iron_ore":14,"minecraft:cobbled_deepslate":1,"minecraft:sweet_berry_bush":2,"minecraft:spruce_log":2,"cobblemon:persim_berry":7,"minecraft:grass":1,"minecraft:coal_ore":36,"minecraft:oak_log":2,"minecraft:cave_vines":15,"minecraft:dirt":1,"minecraft:red_mushroom_block":1,"minecraft:stone":98,"minecraft:deepslate":11,"minecraft:oak_leaves":7},"minecraft:picked_up":{"minecraft:birch_log":126,"minecraft:charcoal":6,"minecraft:crafting_table":7,"minecraft:air":0,"minecraft:suspicious_stew":2,"cobblemon:yellow_apricorn":8,"minecraft:wooden_pickaxe":5,"minecraft:red_mushroom":2,"minecraft:birch_planks":12,"minecraft:oak_log":9,"minecraft:shield":1,"minecraft:stripped_birch_log":2,"minecraft:dirt":38,"minecraft:string":8,"minecraft:bone":6,"minecraft:cobbled_deepslate":29,"minecraft:raw_gold":12,"minecraft:spruce_planks":4,"minecraft:iron_ingot":3,"minecraft:stone_pickaxe":1,"minecraft:cooked_chicken":1,"minecraft:iron_pickaxe":2,"minecraft:azalea":2,"cobblemon:big_root":10,"minecraft:glass_bottle":5,"minecraft:moss_block":26,"minecraft:sugar_cane":12,"minecraft:iron_sword":3,"minecraft:oak_planks":12,"minecraft:furnace":2,"minecraft:stick":76,"minecraft:raw_iron":19,"minecraft:sweet_berries":2,"minecraft:torch":159,"minecraft:dandelion":6,"cobblemon:blue_apricorn_seed":5,"cobblemon:persim_berry":35,"cobblemon:pink_apricorn":6,"minecraft:carrot":1,"minecraft:spruce_log":2,"minecraft:lily_of_the_valley":5,"minecraft:redstone":180,"minecraft:stone_sword":3,"minecraft:arrow":6,"minecraft:honey_bottle":1,"minecraft:rotten_flesh":12,"minecraft:diamond":3,"minecraft:stone_axe":3,"minecraft:gray_wool":2,"minecraft:oak_sapling":4,"minecraft:glow_berries":13,"minecraft:mutton":5,"minecraft:coal":50,"cobblemon:blue_apricorn":18,"minecraft:white_wool":4,"minecraft:cobblestone":323},"minecraft:dropped":{"minecraft:iron_sword":2,"minecraft:moss_block":4,"cobblemon:blue_apricorn":3,"minecraft:cobblestone":53,"minecraft:rotten_flesh":10,"minecraft:lily_of_the_valley":1,"minecraft:dirt":3,"minecraft:gray_wool":1,"minecraft:shield":1,"minecraft:azalea":1,"minecraft:wooden_pickaxe":4,"minecraft:string":2,"minecraft:white_wool":2},"minecraft:killed_by":{"minecraft:skeleton":4,"minecraft:creeper":1,"minecraft:spider":2},"minecraft:custom":{"minecraft:interact_with_furnace":35,"minecraft:mob_kills":19,"minecraft:interact_with_crafting_table":22,"minecraft:time_since_death":2998,"minecraft:climb_one_cm":88,"minecraft:time_since_rest":3027,"minecraft:sprint_one_cm":283027,"minecraft:damage_taken":3120,"minecraft:walk_one_cm":410552,"minecraft:damage_blocked_by_shield":1125,"minecraft:drop":24,"minecraft:damage_dealt":3438,"minecraft:swim_one_cm":12060,"minecraft:player_kills":1,"minecraft:fly_one_cm":144790,"minecraft:crouch_one_cm":7618,"minecraft:deaths":9,"minecraft:play_time":93698,"minecraft:sneak_time":2465,"minecraft:walk_under_water_one_cm":11435,"minecraft:boat_one_cm":26972,"minecraft:jump":1666,"minecraft:walk_on_water_one_cm":23900,"minecraft:total_world_time":93698,"minecraft:fall_one_cm":29170},"minecraft:killed":{"minecraft:spider":3,"minecraft:skeleton":1,"minecraft:sheep":3,"minecraft:zombie":9}},"DataVersion":3465}