{"stats":{"minecraft:used":{"minecraft:moss_block":21,"minecraft:stone_sword":36,"minecraft:ladder":5,"minecraft:shield":111,"minecraft:iron_sword":154,"minecraft:cooked_chicken":6,"minecraft:torch":57,"minecraft:dirt":17,"minecraft:carrot":5,"minecraft:honey_bottle":2,"minecraft:sweet_berries":3,"minecraft:oak_sapling":4,"minecraft:furnace":6,"minecraft:cobbled_deepslate":18,"minecraft:cooked_mutton":17,"minecraft:stone_pickaxe":137,"minecraft:wooden_pickaxe":28,"minecraft:glow_berries":26,"minecraft:crafting_table":9,"minecraft:dark_oak_log":4,"minecraft:iron_pickaxe":107,"minecraft:stone_axe":24,"minecraft:cobblestone":16,"cobblemon:medicinal_leek":3,"minecraft:birch_log":4},"minecraft:broken":{"minecraft:shield":1},"minecraft:crafted":{"minecraft:oak_planks":34,"minecraft:cooked_chicken":5,"minecraft:furnace":4,"minecraft:cooked_mutton":18,"minecraft:stone_pickaxe":2,"minecraft:crafting_table":4,"minecraft:spruce_planks":8,"minecraft:wooden_pickaxe":2,"minecraft:iron_sword":1,"minecraft:birch_planks":26,"minecraft:stone_axe":1,"minecraft:air":0,"minecraft:iron_chestplate":1,"minecraft:shield":2,"minecraft:stick":68,"minecraft:iron_ingot":16,"minecraft:iron_pickaxe":1,"minecraft:stone_sword":1,"minecraft:torch":120},"minecraft:mined":{"minecraft:spruce_planks":1,"minecraft:deepslate_diamond_ore":3,"minecraft:stripped_birch_log":1,"cobblemon:big_root":5,"minecraft:cave_vines_plant":5,"minecraft:ladder":5,"minecraft:dark_oak_fence":1,"cobblemon:pink_apricorn":1,"minecraft:grass_block":1,"minecraft:moss_block":7,"minecraft:furnace":2,"minecraft:iron_ore":14,"minecraft:cobbled_deepslate":1,"minecraft:pumpkin":6,"cobblemon:medicinal_leek":2,"minecraft:cave_vines":15,"minecraft:deepslate_iron_ore":2,"minecraft:stone":117,"minecraft:deepslate_redstone_ore":18,"minecraft:lily_of_the_valley":1,"minecraft:dandelion":2,"minecraft:crafting_table":5,"minecraft:torch":1,"minecraft:tall_grass":2,"minecraft:cobblestone":3,"minecraft:deepslate_gold_ore":7,"minecraft:sugar_cane":1,"cobblemon:oran_berry":1,"cobblemon:relic_coin_pouch":2,"minecraft:birch_log":4,"minecraft:sweet_berry_bush":2,"minecraft:spruce_log":2,"cobblemon:persim_berry":7,"minecraft:stone_brick_stairs":1,"minecraft:grass":16,"minecraft:oak_log":2,"minecraft:coal_ore":47,"minecraft:dirt":1,"minecraft:cracked_stone_bricks":4,"cobblemon:blue_apricorn_sapling":1,"minecraft:red_mushroom_block":1,"minecraft:stone_bricks":1,"minecraft:oak_leaves":7,"minecraft:deepslate":20},"minecraft:picked_up":{"minecraft:charcoal":6,"minecraft:crafting_table":7,"minecraft:iron_chestplate":2,"minecraft:chicken":6,"minecraft:ladder":5,"minecraft:suspicious_stew":3,"cobblemon:yellow_apricorn":11,"minecraft:wooden_pickaxe":5,"minecraft:stone_brick_stairs":1,"minecraft:shield":6,"minecraft:string":11,"minecraft:cracked_stone_bricks":4,"minecraft:cobbled_deepslate":56,"minecraft:spruce_planks":5,"cobblemon:relic_coin":12,"minecraft:azalea":4,"cobblemon:big_root":20,"minecraft:iron_pickaxe":3,"minecraft:sugar_cane":12,"minecraft:furnace":2,"minecraft:stick":80,"minecraft:raw_iron":21,"minecraft:torch":258,"minecraft:porkchop":3,"minecraft:carrot":1,"minecraft:redstone":286,"minecraft:stone_sword":4,"minecraft:arrow":6,"minecraft:honey_bottle":1,"minecraft:rotten_flesh":14,"minecraft:glow_berries":13,"minecraft:mutton":29,"cobblemon:blue_apricorn":18,"minecraft:white_wool":16,"minecraft:cobblestone":344,"minecraft:birch_log":126,"minecraft:air":0,"minecraft:feather":13,"minecraft:red_mushroom":2,"minecraft:birch_planks":12,"minecraft:oak_log":9,"minecraft:dirt":38,"minecraft:stripped_birch_log":2,"minecraft:white_banner":1,"minecraft:cooked_mutton":2,"minecraft:bone":6,"minecraft:stone_bricks":1,"minecraft:wheat_seeds":4,"minecraft:raw_gold":14,"minecraft:iron_ingot":7,"minecraft:stone_pickaxe":5,"minecraft:cooked_chicken":1,"minecraft:glass_bottle":6,"minecraft:moss_block":55,"minecraft:iron_sword":4,"minecraft:oak_planks":16,"minecraft:pumpkin":6,"minecraft:sweet_berries":2,"minecraft:dandelion":6,"cobblemon:blue_apricorn_seed":6,"cobblemon:persim_berry":49,"cobblemon:pink_apricorn":6,"minecraft:spruce_log":2,"minecraft:lily_of_the_valley":6,"minecraft:slime_ball":12,"minecraft:diamond":8,"minecraft:stone_axe":6,"minecraft:crossbow":2,"minecraft:gray_wool":2,"cobblemon:medicinal_leek":3,"minecraft:oak_sapling":4,"minecraft:black_wool":2,"minecraft:dark_oak_fence":4,"minecraft:coal":61},"minecraft:dropped":{"minecraft:iron_sword":2,"minecraft:moss_block":25,"cobblemon:blue_apricorn":3,"minecraft:cobblestone":53,"cobblemon:pink_apricorn":1,"minecraft:dirt":3,"minecraft:gray_wool":1,"minecraft:string":2,"minecraft:white_wool":2,"minecraft:bone":2,"minecraft:stone_axe":2,"minecraft:rotten_flesh":10,"minecraft:cooked_mutton":2,"minecraft:suspicious_stew":1,"minecraft:lily_of_the_valley":2,"minecraft:shield":4,"minecraft:azalea":2,"minecraft:slime_ball":4,"minecraft:arrow":2,"minecraft:stone_pickaxe":1,"minecraft:wooden_pickaxe":4},"minecraft:killed_by":{"minecraft:creeper":1,"minecraft:spider":2,"minecraft:pillager":1,"minecraft:skeleton":4},"minecraft:custom":{"minecraft:mob_kills":57,"minecraft:interact_with_crafting_table":32,"minecraft:leave_game":1,"minecraft:time_since_death":28532,"minecraft:climb_one_cm":4774,"minecraft:sprint_one_cm":412310,"minecraft:walk_one_cm":614197,"minecraft:damage_blocked_by_shield":4205,"minecraft:drop":40,"minecraft:sneak_time":2730,"minecraft:play_time":141613,"minecraft:deaths":10,"minecraft:walk_under_water_one_cm":12796,"minecraft:boat_one_cm":26972,"minecraft:jump":2351,"minecraft:walk_on_water_one_cm":32605,"minecraft:total_world_time":141613,"minecraft:interact_with_furnace":71,"minecraft:time_since_rest":28555,"minecraft:damage_taken":4215,"minecraft:damage_dealt":9067,"minecraft:swim_one_cm":19031,"minecraft:fly_one_cm":216841,"minecraft:player_kills":1,"minecraft:open_chest":4,"minecraft:crouch_one_cm":8850,"minecraft:fall_one_cm":42476},"minecraft:killed":{"minecraft:spider":3,"minecraft:slime":4,"minecraft:skeleton":2,"minecraft:chicken":5,"minecraft:pig":1,"minecraft:sheep":12,"minecraft:pillager":17,"minecraft:zombie":9}},"DataVersion":3465}