{"stats":{"minecraft:used":{"minecraft:moss_block":17,"minecraft:cooked_mutton":7,"minecraft:stone_sword":36,"minecraft:stone_pickaxe":137,"minecraft:shield":28,"minecraft:wooden_pickaxe":28,"minecraft:iron_sword":66,"minecraft:cooked_chicken":5,"minecraft:torch":52,"minecraft:glow_berries":26,"minecraft:dirt":17,"minecraft:crafting_table":8,"minecraft:carrot":2,"minecraft:honey_bottle":2,"minecraft:iron_pickaxe":69,"minecraft:stone_axe":9,"minecraft:cobblestone":15,"minecraft:sweet_berries":3,"minecraft:furnace":5,"minecraft:oak_sapling":4,"minecraft:birch_log":4,"minecraft:cobbled_deepslate":14},"minecraft:crafted":{"minecraft:oak_planks":34,"minecraft:crafting_table":3,"minecraft:spruce_planks":8,"minecraft:wooden_pickaxe":2,"minecraft:cooked_chicken":5,"minecraft:iron_sword":1,"minecraft:furnace":3,"minecraft:birch_planks":26,"minecraft:stone_axe":1,"minecraft:cooked_mutton":7,"minecraft:air":0,"minecraft:iron_chestplate":1,"minecraft:shield":2,"minecraft:stick":68,"minecraft:iron_ingot":14,"minecraft:iron_pickaxe":1,"minecraft:stone_pickaxe":2,"minecraft:stone_sword":1,"minecraft:torch":120},"minecraft:mined":{"minecraft:deepslate_redstone_ore":18,"minecraft:deepslate_diamond_ore":3,"minecraft:lily_of_the_valley":1,"minecraft:stripped_birch_log":1,"minecraft:dandelion":2,"cobblemon:big_root":5,"minecraft:crafting_table":5,"minecraft:torch":1,"minecraft:cave_vines_plant":5,"cobblemon:pink_apricorn":1,"minecraft:grass_block":1,"minecraft:cobblestone":3,"minecraft:tall_grass":1,"minecraft:deepslate_gold_ore":7,"minecraft:sugar_cane":1,"minecraft:moss_block":3,"cobblemon:oran_berry":1,"minecraft:furnace":2,"minecraft:birch_log":4,"minecraft:iron_ore":14,"minecraft:cobbled_deepslate":1,"minecraft:sweet_berry_bush":2,"minecraft:spruce_log":2,"cobblemon:persim_berry":7,"minecraft:grass":11,"minecraft:coal_ore":36,"minecraft:oak_log":2,"minecraft:cave_vines":15,"minecraft:deepslate_iron_ore":2,"minecraft:dirt":1,"minecraft:red_mushroom_block":1,"minecraft:stone":98,"minecraft:oak_leaves":7,"minecraft:deepslate":20},"minecraft:picked_up":{"minecraft:birch_log":126,"minecraft:charcoal":6,"minecraft:iron_chestplate":1,"minecraft:crafting_table":7,"minecraft:air":0,"minecraft:feather":6,"minecraft:chicken":5,"minecraft:suspicious_stew":2,"cobblemon:yellow_apricorn":8,"minecraft:wooden_pickaxe":5,"minecraft:red_mushroom":2,"minecraft:birch_planks":12,"minecraft:oak_log":9,"minecraft:shield":2,"minecraft:stripped_birch_log":2,"minecraft:dirt":38,"minecraft:string":8,"minecraft:bone":6,"minecraft:wheat_seeds":2,"minecraft:cobbled_deepslate":44,"minecraft:raw_gold":13,"minecraft:spruce_planks":4,"minecraft:iron_ingot":4,"minecraft:stone_pickaxe":3,"minecraft:cooked_chicken":1,"minecraft:azalea":2,"minecraft:iron_pickaxe":2,"minecraft:glass_bottle":5,"cobblemon:big_root":15,"minecraft:moss_block":47,"minecraft:sugar_cane":12,"minecraft:oak_planks":12,"minecraft:iron_sword":3,"minecraft:furnace":2,"minecraft:raw_iron":21,"minecraft:stick":78,"minecraft:sweet_berries":2,"minecraft:torch":186,"minecraft:dandelion":6,"cobblemon:blue_apricorn_seed":5,"cobblemon:persim_berry":42,"cobblemon:pink_apricorn":6,"minecraft:carrot":1,"minecraft:spruce_log":2,"minecraft:lily_of_the_valley":6,"minecraft:redstone":203,"minecraft:arrow":6,"minecraft:stone_sword":3,"minecraft:honey_bottle":1,"minecraft:rotten_flesh":13,"minecraft:slime_ball":4,"minecraft:diamond":5,"minecraft:stone_axe":3,"minecraft:gray_wool":2,"minecraft:oak_sapling":4,"minecraft:mutton":9,"minecraft:glow_berries":13,"minecraft:coal":50,"cobblemon:blue_apricorn":18,"minecraft:white_wool":4,"minecraft:cobblestone":324},"minecraft:dropped":{"minecraft:iron_sword":2,"minecraft:moss_block":25,"cobblemon:blue_apricorn":3,"minecraft:cobblestone":53,"minecraft:rotten_flesh":10,"minecraft:lily_of_the_valley":1,"cobblemon:pink_apricorn":1,"minecraft:dirt":3,"minecraft:gray_wool":1,"minecraft:shield":1,"minecraft:azalea":1,"minecraft:wooden_pickaxe":4,"minecraft:string":2,"minecraft:white_wool":2},"minecraft:killed_by":{"minecraft:skeleton":4,"minecraft:creeper":1,"minecraft:spider":2},"minecraft:custom":{"minecraft:interact_with_furnace":49,"minecraft:mob_kills":32,"minecraft:interact_with_crafting_table":24,"minecraft:leave_game":1,"minecraft:time_since_death":14913,"minecraft:climb_one_cm":88,"minecraft:time_since_rest":14942,"minecraft:sprint_one_cm":314094,"minecraft:damage_taken":3365,"minecraft:walk_one_cm":473326,"minecraft:damage_blocked_by_shield":1525,"minecraft:drop":26,"minecraft:damage_dealt":4618,"minecraft:swim_one_cm":12060,"minecraft:player_kills":1,"minecraft:fly_one_cm":162543,"minecraft:crouch_one_cm":8271,"minecraft:play_time":105613,"minecraft:deaths":9,"minecraft:sneak_time":2611,"minecraft:walk_under_water_one_cm":11435,"minecraft:boat_one_cm":26972,"minecraft:jump":1827,"minecraft:walk_on_water_one_cm":23900,"minecraft:total_world_time":105613,"minecraft:fall_one_cm":31798},"minecraft:killed":{"minecraft:spider":3,"minecraft:slime":4,"minecraft:sheep":6,"minecraft:skeleton":2,"minecraft:zombie":9,"minecraft:chicken":5}},"DataVersion":3465}