{"stats":{"minecraft:killed_by":{"minecraft:skeleton":3,"minecraft:spider":1},"minecraft:used":{"minecraft:wooden_pickaxe":6,"minecraft:dirt":17,"minecraft:sweet_berries":3,"minecraft:crafting_table":2,"minecraft:oak_sapling":4,"minecraft:honey_bottle":2},"minecraft:mined":{"minecraft:lily_of_the_valley":1,"minecraft:sweet_berry_bush":2,"minecraft:spruce_log":2,"minecraft:dandelion":2,"cobblemon:persim_berry":7,"minecraft:crafting_table":2,"cobblemon:pink_apricorn":1,"minecraft:coal_ore":2,"minecraft:grass_block":1,"minecraft:oak_log":2,"minecraft:stone":2,"minecraft:sugar_cane":1,"cobblemon:oran_berry":1,"minecraft:oak_leaves":7},"minecraft:crafted":{"minecraft:oak_planks":8,"minecraft:crafting_table":1,"minecraft:spruce_planks":8,"minecraft:stick":4,"minecraft:wooden_pickaxe":2},"minecraft:picked_up":{"minecraft:charcoal":3,"minecraft:stick":2,"minecraft:crafting_table":3,"minecraft:air":0,"minecraft:sweet_berries":2,"cobblemon:yellow_apricorn":2,"minecraft:wooden_pickaxe":2,"minecraft:dandelion":3,"cobblemon:blue_apricorn_seed":2,"cobblemon:persim_berry":21,"minecraft:oak_log":2,"cobblemon:pink_apricorn":2,"minecraft:spruce_log":2,"minecraft:lily_of_the_valley":2,"minecraft:dirt":32,"minecraft:honey_bottle":1,"minecraft:spruce_planks":2,"minecraft:glass_bottle":2,"minecraft:oak_sapling":4,"minecraft:sugar_cane":6,"minecraft:coal":2,"minecraft:oak_planks":2,"cobblemon:blue_apricorn":6,"minecraft:cobblestone":2},"minecraft:dropped":{"minecraft:wooden_pickaxe":2},"minecraft:custom":{"minecraft:time_since_rest":3260,"minecraft:sprint_one_cm":138342,"minecraft:damage_taken":1318,"minecraft:walk_one_cm":197752,"minecraft:drop":2,"minecraft:damage_dealt":464,"minecraft:player_kills":1,"minecraft:swim_one_cm":11874,"minecraft:interact_with_crafting_table":5,"minecraft:fly_one_cm":67417,"minecraft:crouch_one_cm":2676,"minecraft:play_time":40047,"minecraft:deaths":5,"minecraft:sneak_time":526,"minecraft:walk_under_water_one_cm":11058,"minecraft:boat_one_cm":26972,"minecraft:jump":846,"minecraft:walk_on_water_one_cm":11457,"minecraft:time_since_death":3234,"minecraft:total_world_time":40047,"minecraft:fall_one_cm":15274}},"DataVersion":3465}