{"stats":{"minecraft:killed_by":{"minecraft:spider":1},"minecraft:used":{"minecraft:wooden_pickaxe":1,"minecraft:dirt":2,"minecraft:sweet_berries":3,"minecraft:crafting_table":2,"minecraft:oak_sapling":1,"minecraft:honey_bottle":2},"minecraft:mined":{"minecraft:sweet_berry_bush":2,"minecraft:spruce_log":2,"minecraft:dandelion":2,"cobblemon:persim_berry":7,"minecraft:crafting_table":2,"minecraft:grass_block":1,"minecraft:oak_log":2,"minecraft:oak_leaves":7},"minecraft:crafted":{"minecraft:oak_planks":8,"minecraft:crafting_table":1,"minecraft:spruce_planks":8,"minecraft:stick":4,"minecraft:wooden_pickaxe":2},"minecraft:picked_up":{"minecraft:charcoal":2,"minecraft:stick":1,"minecraft:crafting_table":2,"minecraft:sweet_berries":2,"minecraft:wooden_pickaxe":1,"minecraft:dandelion":2,"cobblemon:persim_berry":14,"minecraft:oak_log":2,"minecraft:spruce_log":2,"minecraft:dirt":17,"minecraft:honey_bottle":1,"minecraft:glass_bottle":1,"minecraft:oak_sapling":4},"minecraft:dropped":{"minecraft:wooden_pickaxe":2},"minecraft:custom":{"minecraft:time_since_rest":11543,"minecraft:sprint_one_cm":99466,"minecraft:damage_taken":668,"minecraft:walk_one_cm":112913,"minecraft:drop":2,"minecraft:damage_dealt":369,"minecraft:player_kills":1,"minecraft:swim_one_cm":11874,"minecraft:interact_with_crafting_table":5,"minecraft:fly_one_cm":53091,"minecraft:crouch_one_cm":1395,"minecraft:play_time":28047,"minecraft:deaths":2,"minecraft:sneak_time":219,"minecraft:walk_under_water_one_cm":8281,"minecraft:jump":613,"minecraft:walk_on_water_one_cm":7517,"minecraft:time_since_death":11506,"minecraft:total_world_time":28047,"minecraft:fall_one_cm":12462}},"DataVersion":3465}