{
  "minecraft:recipes/redstone/lever": {
    "criteria": {
      "has_cobblestone": "2024-07-23 22:10:13 +0000"
    },
    "done": true
  },
  "minecraft:recipes/decorations/ladder": {
    "criteria": {
      "has_stick": "2024-07-23 22:09:37 +0000"
    },
    "done": true
  },
  "cobblemon:obtain_berry": {
    "criteria": {
      "check_inv": "2024-07-23 22:03:37 +0000"
    },
    "done": true
  },
  "cobblemon:recipes/blocks/apricorn_stairs": {
    "criteria": {
      "has_planks": "2024-07-23 22:09:08 +0000"
    },
    "done": true
  },
  "cobblemon:recipes/blocks/apricorn_slab": {
    "criteria": {
      "has_planks": "2024-07-23 22:09:08 +0000"
    },
    "done": true
  },
  "cobblemon:obtain_all_berries": {
    "criteria": {
      "obtain_rindo_berry": "2024-07-23 22:03:37 +0000"
    },
    "done": false
  },
  "minecraft:recipes/decorations/oak_sign": {
    "criteria": {
      "has_planks": "2024-07-23 22:09:33 +0000"
    },
    "done": true
  },
  "minecraft:recipes/redstone/oak_trapdoor": {
    "criteria": {
      "has_planks": "2024-07-23 22:09:33 +0000"
    },
    "done": true
  },
  "minecraft:recipes/combat/stone_sword": {
    "criteria": {
      "has_cobblestone": "2024-07-23 22:10:13 +0000"
    },
    "done": true
  },
  "minecraft:recipes/decorations/cobblestone_wall": {
    "criteria": {
      "has_cobblestone": "2024-07-23 22:10:13 +0000"
    },
    "done": true
  },
  "minecraft:recipes/building_blocks/polished_diorite": {
    "criteria": {
      "has_diorite": "2024-07-23 22:14:18 +0000"
    },
    "done": true
  },
  "minecraft:recipes/tools/stone_axe": {
    "criteria": {
      "has_cobblestone": "2024-07-23 22:10:13 +0000"
    },
    "done": true
  },
  "minecraft:recipes/building_blocks/raw_iron_block": {
    "criteria": {
      "has_raw_iron": "2024-07-23 22:12:22 +0000"
    },
    "done": true
  },
  "cobblemon:recipes/transportation/apricorn_boat": {
    "criteria": {
      "in_water": "2024-07-23 21:57:35 +0000"
    },
    "done": true
  },
  "minecraft:recipes/building_blocks/diorite_slab": {
    "criteria": {
      "has_diorite": "2024-07-23 22:14:18 +0000"
    },
    "done": true
  },
  "minecraft:story/mine_stone": {
    "criteria": {
      "get_stone": "2024-07-23 22:10:13 +0000"
    },
    "done": true
  },
  "minecraft:recipes/decorations/furnace": {
    "criteria": {
      "has_cobblestone": "2024-07-23 22:10:13 +0000"
    },
    "done": true
  },
  "minecraft:recipes/tools/wooden_axe": {
    "criteria": {
      "has_stick": "2024-07-23 22:09:37 +0000"
    },
    "done": true
  },
  "cobblemon:recipes/balls/dusk_ball": {
    "criteria": {
      "has_green_apricorn": "2024-07-23 22:01:45 +0000"
    },
    "done": false
  },
  "minecraft:recipes/food/cooked_rabbit": {
    "criteria": {
      "has_rabbit": "2024-07-23 22:06:59 +0000"
    },
    "done": true
  },
  "cobblemon:recipes/blocks/apricorn_planks": {
    "criteria": {
      "has_apricorn_log": "2024-07-23 22:02:34 +0000"
    },
    "done": true
  },
  "minecraft:recipes/decorations/smoker": {
    "criteria": {
      "has_furnace": "2024-07-23 22:13:32 +0000"
    },
    "done": true
  },
  "minecraft:recipes/decorations/crafting_table": {
    "criteria": {
      "unlock_right_away": "2024-07-23 21:53:20 +0000"
    },
    "done": true
  },
  "minecraft:recipes/decorations/chest": {
    "criteria": {
      "has_lots_of_items": "2024-07-23 22:09:56 +0000"
    },
    "done": true
  },
  "minecraft:recipes/misc/stick": {
    "criteria": {
      "has_planks": "2024-07-23 22:09:08 +0000"
    },
    "done": true
  },
  "minecraft:recipes/food/cooked_rabbit_from_smoking": {
    "criteria": {
      "has_rabbit": "2024-07-23 22:06:59 +0000"
    },
    "done": true
  },
  "cobblemon:root": {
    "criteria": {
      "picked_starter": "2024-07-23 21:54:54 +0000"
    },
    "done": true
  },
  "minecraft:recipes/food/cooked_rabbit_from_campfire_cooking": {
    "criteria": {
      "has_rabbit": "2024-07-23 22:06:59 +0000"
    },
    "done": true
  },
  "minecraft:recipes/building_blocks/cobblestone_slab_from_cobblestone_stonecutting": {
    "criteria": {
      "has_cobblestone": "2024-07-23 22:10:13 +0000"
    },
    "done": true
  },
  "cobblemon:recipes/agriculture/green_apricorn_smelt_to_dye": {
    "criteria": {
      "has_apricorn": "2024-07-23 22:01:45 +0000"
    },
    "done": true
  },
  "minecraft:recipes/building_blocks/oak_stairs": {
    "criteria": {
      "has_planks": "2024-07-23 22:09:33 +0000"
    },
    "done": true
  },
  "minecraft:recipes/transportation/cherry_boat": {
    "criteria": {
      "in_water": "2024-07-23 21:57:35 +0000"
    },
    "done": true
  },
  "minecraft:recipes/decorations/oak_fence": {
    "criteria": {
      "has_planks": "2024-07-23 22:09:33 +0000"
    },
    "done": true
  },
  "cobblemon:recipes/blocks/apricorn_trapdoor": {
    "criteria": {
      "has_planks": "2024-07-23 22:09:08 +0000"
    },
    "done": true
  },
  "minecraft:recipes/decorations/diorite_wall": {
    "criteria": {
      "has_diorite": "2024-07-23 22:14:18 +0000"
    },
    "done": true
  },
  "minecraft:recipes/building_blocks/stone": {
    "criteria": {
      "has_cobblestone": "2024-07-23 22:10:13 +0000"
    },
    "done": true
  },
  "minecraft:recipes/transportation/bamboo_raft": {
    "criteria": {
      "in_water": "2024-07-23 21:57:35 +0000"
    },
    "done": true
  },
  "cobblemon:recipes/balls/nest_ball": {
    "criteria": {
      "has_green_apricorn": "2024-07-23 22:01:45 +0000"
    },
    "done": false
  },
  "minecraft:recipes/transportation/spruce_boat": {
    "criteria": {
      "in_water": "2024-07-23 21:57:35 +0000"
    },
    "done": true
  },
  "cobblemon:harvest_apricorn": {
    "criteria": {
      "check_inv": "2024-07-23 22:01:45 +0000"
    },
    "done": true
  },
  "cobblemon:recipes/blocks/apricorn_button": {
    "criteria": {
      "has_planks": "2024-07-23 22:09:08 +0000"
    },
    "done": true
  },
  "cobblemon:recipes/balls/safari_ball": {
    "criteria": {
      "has_green_apricorn": "2024-07-23 22:01:45 +0000"
    },
    "done": false
  },
  "minecraft:recipes/transportation/birch_boat": {
    "criteria": {
      "in_water": "2024-07-23 21:57:35 +0000"
    },
    "done": true
  },
  "minecraft:recipes/transportation/oak_boat": {
    "criteria": {
      "in_water": "2024-07-23 21:57:35 +0000"
    },
    "done": true
  },
  "minecraft:recipes/building_blocks/polished_diorite_stairs_from_diorite_stonecutting": {
    "criteria": {
      "has_diorite": "2024-07-23 22:14:18 +0000"
    },
    "done": true
  },
  "minecraft:recipes/building_blocks/coal_block": {
    "criteria": {
      "has_coal": "2024-07-23 22:15:15 +0000"
    },
    "done": true
  },
  "cobblemon:recipes/blocks/apricorn_sign": {
    "criteria": {
      "has_planks": "2024-07-23 22:09:08 +0000"
    },
    "done": true
  },
  "minecraft:recipes/redstone/oak_button": {
    "criteria": {
      "has_planks": "2024-07-23 22:09:33 +0000"
    },
    "done": true
  },
  "cobblemon:recipes/agriculture/mulch_base": {
    "criteria": {
      "has_berry": "2024-07-23 22:03:37 +0000"
    },
    "done": true
  },
  "cobblemon:any_plant": {
    "criteria": {
      "check_inv": "2024-07-23 22:01:45 +0000"
    },
    "done": true
  },
  "minecraft:recipes/transportation/mangrove_boat": {
    "criteria": {
      "in_water": "2024-07-23 21:57:35 +0000"
    },
    "done": true
  },
  "minecraft:recipes/decorations/torch": {
    "criteria": {
      "has_stone_pickaxe": "2024-07-23 22:12:01 +0000"
    },
    "done": true
  },
  "minecraft:recipes/building_blocks/oak_slab": {
    "criteria": {
      "has_planks": "2024-07-23 22:09:33 +0000"
    },
    "done": true
  },
  "minecraft:recipes/building_blocks/diorite_stairs_from_diorite_stonecutting": {
    "criteria": {
      "has_diorite": "2024-07-23 22:14:18 +0000"
    },
    "done": true
  },
  "minecraft:recipes/misc/leather": {
    "criteria": {
      "has_rabbit_hide": "2024-07-23 22:06:55 +0000"
    },
    "done": true
  },
  "cobblemon:recipes/blocks/apricorn_fence": {
    "criteria": {
      "has_planks": "2024-07-23 22:09:08 +0000"
    },
    "done": true
  },
  "cobblemon:recipes/blocks/apricorn_pressure_plate": {
    "criteria": {
      "has_planks": "2024-07-23 22:09:08 +0000"
    },
    "done": true
  },
  "cobblemon:recipes/balls/friend_ball": {
    "criteria": {
      "has_green_apricorn": "2024-07-23 22:01:45 +0000"
    },
    "done": false
  },
  "minecraft:recipes/misc/iron_ingot_from_smelting_raw_iron": {
    "criteria": {
      "has_raw_iron": "2024-07-23 22:12:22 +0000"
    },
    "done": true
  },
  "minecraft:recipes/tools/stone_pickaxe": {
    "criteria": {
      "has_cobblestone": "2024-07-23 22:10:13 +0000"
    },
    "done": true
  },
  "minecraft:recipes/decorations/campfire": {
    "criteria": {
      "has_stick": "2024-07-23 22:09:37 +0000"
    },
    "done": true
  },
  "minecraft:recipes/tools/wooden_hoe": {
    "criteria": {
      "has_stick": "2024-07-23 22:09:37 +0000"
    },
    "done": true
  },
  "minecraft:recipes/redstone/oak_fence_gate": {
    "criteria": {
      "has_planks": "2024-07-23 22:09:33 +0000"
    },
    "done": true
  },
  "minecraft:recipes/decorations/diorite_wall_from_diorite_stonecutting": {
    "criteria": {
      "has_diorite": "2024-07-23 22:14:18 +0000"
    },
    "done": true
  },
  "minecraft:recipes/misc/charcoal": {
    "criteria": {
      "has_log": "2024-07-23 21:57:32 +0000"
    },
    "done": true
  },
  "minecraft:recipes/tools/wooden_pickaxe": {
    "criteria": {
      "has_stick": "2024-07-23 22:09:37 +0000"
    },
    "done": true
  },
  "cobblemon:recipes/blocks/apricorn_fence_gate": {
    "criteria": {
      "has_planks": "2024-07-23 22:09:08 +0000"
    },
    "done": true
  },
  "minecraft:story/upgrade_tools": {
    "criteria": {
      "stone_pickaxe": "2024-07-23 22:12:01 +0000"
    },
    "done": true
  },
  "minecraft:recipes/building_blocks/andesite": {
    "criteria": {
      "has_stone": "2024-07-23 22:14:18 +0000"
    },
    "done": true
  },
  "minecraft:recipes/redstone/oak_pressure_plate": {
    "criteria": {
      "has_planks": "2024-07-23 22:09:33 +0000"
    },
    "done": true
  },
  "cobblemon:recipes/balls/park_ball": {
    "criteria": {
      "has_green_apricorn": "2024-07-23 22:01:45 +0000"
    },
    "done": false
  },
  "minecraft:recipes/redstone/oak_door": {
    "criteria": {
      "has_planks": "2024-07-23 22:09:33 +0000"
    },
    "done": true
  },
  "cobblemon:recipes/balls/verdant_ball": {
    "criteria": {
      "has_green_apricorn": "2024-07-23 22:01:45 +0000"
    },
    "done": true
  },
  "minecraft:recipes/tools/wooden_shovel": {
    "criteria": {
      "has_stick": "2024-07-23 22:09:37 +0000"
    },
    "done": true
  },
  "minecraft:recipes/building_blocks/cobblestone_slab": {
    "criteria": {
      "has_cobblestone": "2024-07-23 22:10:13 +0000"
    },
    "done": true
  },
  "minecraft:recipes/transportation/acacia_boat": {
    "criteria": {
      "in_water": "2024-07-23 21:57:35 +0000"
    },
    "done": true
  },
  "minecraft:adventure/root": {
    "criteria": {
      "killed_by_something": "2024-07-23 21:58:44 +0000"
    },
    "done": true
  },
  "minecraft:recipes/misc/iron_ingot_from_blasting_raw_iron": {
    "criteria": {
      "has_raw_iron": "2024-07-23 22:12:22 +0000"
    },
    "done": true
  },
  "minecraft:recipes/combat/wooden_sword": {
    "criteria": {
      "has_stick": "2024-07-23 22:09:37 +0000"
    },
    "done": true
  },
  "minecraft:recipes/building_blocks/oak_planks": {
    "criteria": {
      "has_logs": "2024-07-23 21:57:32 +0000"
    },
    "done": true
  },
  "minecraft:recipes/building_blocks/polished_diorite_from_diorite_stonecutting": {
    "criteria": {
      "has_diorite": "2024-07-23 22:14:18 +0000"
    },
    "done": true
  },
  "cobblemon:recipes/blocks/apricorn_door": {
    "criteria": {
      "has_planks": "2024-07-23 22:09:08 +0000"
    },
    "done": true
  },
  "minecraft:adventure/adventuring_time": {
    "criteria": {
      "minecraft:frozen_river": "2024-07-23 22:05:48 +0000",
      "minecraft:river": "2024-07-23 22:01:01 +0000",
      "minecraft:snowy_plains": "2024-07-23 22:06:01 +0000",
      "minecraft:stony_shore": "2024-07-23 22:04:51 +0000",
      "minecraft:forest": "2024-07-23 21:53:21 +0000",
      "minecraft:meadow": "2024-07-23 22:03:24 +0000",
      "minecraft:plains": "2024-07-23 22:03:48 +0000"
    },
    "done": false
  },
  "minecraft:recipes/decorations/barrel": {
    "criteria": {
      "has_planks": "2024-07-23 22:09:08 +0000"
    },
    "done": true
  },
  "minecraft:recipes/decorations/cobblestone_wall_from_cobblestone_stonecutting": {
    "criteria": {
      "has_cobblestone": "2024-07-23 22:10:13 +0000"
    },
    "done": true
  },
  "minecraft:recipes/building_blocks/cobblestone_stairs_from_cobblestone_stonecutting": {
    "criteria": {
      "has_cobblestone": "2024-07-23 22:10:13 +0000"
    },
    "done": true
  },
  "minecraft:recipes/building_blocks/diorite_slab_from_diorite_stonecutting": {
    "criteria": {
      "has_diorite": "2024-07-23 22:14:18 +0000"
    },
    "done": true
  },
  "minecraft:recipes/building_blocks/cobblestone_stairs": {
    "criteria": {
      "has_cobblestone": "2024-07-23 22:10:13 +0000"
    },
    "done": true
  },
  "minecraft:recipes/building_blocks/polished_diorite_slab_from_diorite_stonecutting": {
    "criteria": {
      "has_diorite": "2024-07-23 22:14:18 +0000"
    },
    "done": true
  },
  "cobblemon:recipes/blocks/apricorn_wood": {
    "criteria": {
      "has_log": "2024-07-23 22:02:34 +0000"
    },
    "done": true
  },
  "minecraft:recipes/tools/stone_hoe": {
    "criteria": {
      "has_cobblestone": "2024-07-23 22:10:13 +0000"
    },
    "done": true
  },
  "cobblemon:recipes/balls/lure_ball": {
    "criteria": {
      "has_green_apricorn": "2024-07-23 22:01:45 +0000"
    },
    "done": false
  },
  "minecraft:recipes/tools/stone_shovel": {
    "criteria": {
      "has_cobblestone": "2024-07-23 22:10:13 +0000"
    },
    "done": true
  },
  "minecraft:recipes/building_blocks/diorite_stairs": {
    "criteria": {
      "has_diorite": "2024-07-23 22:14:18 +0000"
    },
    "done": true
  },
  "minecraft:recipes/building_blocks/oak_wood": {
    "criteria": {
      "has_log": "2024-07-23 21:57:32 +0000"
    },
    "done": true
  },
  "minecraft:story/root": {
    "criteria": {
      "crafting_table": "2024-07-23 22:09:37 +0000"
    },
    "done": true
  },
  "minecraft:recipes/transportation/jungle_boat": {
    "criteria": {
      "in_water": "2024-07-23 21:57:35 +0000"
    },
    "done": true
  },
  "minecraft:recipes/transportation/dark_oak_boat": {
    "criteria": {
      "in_water": "2024-07-23 21:57:35 +0000"
    },
    "done": true
  },
  "DataVersion": 3465
}