{
  "cobblemon:obtain_berry": {
    "criteria": {
      "check_inv": "2024-07-23 22:05:34 +0000"
    },
    "done": true
  },
  "cobblemon:obtain_all_berries": {
    "criteria": {
      "obtain_persim_berry": "2024-07-23 22:05:34 +0000"
    },
    "done": false
  },
  "cobblemon:recipes/transportation/apricorn_boat": {
    "criteria": {
      "in_water": "2024-07-23 21:54:32 +0000"
    },
    "done": true
  },
  "minecraft:recipes/decorations/crafting_table": {
    "criteria": {
      "unlock_right_away": "2024-07-23 21:54:28 +0000"
    },
    "done": true
  },
  "cobblemon:root": {
    "criteria": {
      "picked_starter": "2024-07-23 21:55:03 +0000"
    },
    "done": true
  },
  "minecraft:recipes/transportation/cherry_boat": {
    "criteria": {
      "in_water": "2024-07-23 21:54:32 +0000"
    },
    "done": true
  },
  "minecraft:recipes/misc/yellow_dye_from_dandelion": {
    "criteria": {
      "has_dandelion": "2024-07-23 22:03:44 +0000"
    },
    "done": true
  },
  "minecraft:recipes/transportation/bamboo_raft": {
    "criteria": {
      "in_water": "2024-07-23 21:54:32 +0000"
    },
    "done": true
  },
  "minecraft:recipes/misc/sugar_from_honey_bottle": {
    "criteria": {
      "has_honey_bottle": "2024-07-23 21:56:30 +0000"
    },
    "done": true
  },
  "minecraft:recipes/redstone/honey_block": {
    "criteria": {
      "has_honey_bottle": "2024-07-23 21:56:30 +0000"
    },
    "done": true
  },
  "minecraft:recipes/transportation/spruce_boat": {
    "criteria": {
      "in_water": "2024-07-23 21:54:32 +0000"
    },
    "done": true
  },
  "cobblemon:recipes/evolution/whipped_dream": {
    "criteria": {
      "has_sweet_berry": "2024-07-23 22:01:01 +0000"
    },
    "done": true
  },
  "minecraft:husbandry/root": {
    "criteria": {
      "consumed_item": "2024-07-23 22:01:20 +0000"
    },
    "done": true
  },
  "minecraft:recipes/transportation/birch_boat": {
    "criteria": {
      "in_water": "2024-07-23 21:54:32 +0000"
    },
    "done": true
  },
  "minecraft:recipes/transportation/oak_boat": {
    "criteria": {
      "in_water": "2024-07-23 21:54:32 +0000"
    },
    "done": true
  },
  "cobblemon:recipes/agriculture/mulch_base": {
    "criteria": {
      "has_berry": "2024-07-23 22:05:34 +0000"
    },
    "done": true
  },
  "cobblemon:any_plant": {
    "criteria": {
      "check_inv": "2024-07-23 22:05:34 +0000"
    },
    "done": true
  },
  "minecraft:recipes/transportation/mangrove_boat": {
    "criteria": {
      "in_water": "2024-07-23 21:54:32 +0000"
    },
    "done": true
  },
  "minecraft:recipes/decorations/campfire": {
    "criteria": {
      "has_coal": "2024-07-23 22:01:01 +0000"
    },
    "done": true
  },
  "minecraft:recipes/transportation/acacia_boat": {
    "criteria": {
      "in_water": "2024-07-23 21:54:32 +0000"
    },
    "done": true
  },
  "minecraft:adventure/root": {
    "criteria": {
      "killed_something": "2024-07-23 21:58:44 +0000"
    },
    "done": true
  },
  "minecraft:adventure/adventuring_time": {
    "criteria": {
      "minecraft:river": "2024-07-23 22:01:31 +0000",
      "minecraft:forest": "2024-07-23 21:54:29 +0000",
      "minecraft:meadow": "2024-07-23 22:02:43 +0000",
      "minecraft:plains": "2024-07-23 22:02:37 +0000"
    },
    "done": false
  },
  "minecraft:husbandry/balanced_diet": {
    "criteria": {
      "honey_bottle": "2024-07-23 22:01:20 +0000"
    },
    "done": false
  },
  "minecraft:recipes/transportation/jungle_boat": {
    "criteria": {
      "in_water": "2024-07-23 21:54:32 +0000"
    },
    "done": true
  },
  "minecraft:recipes/transportation/dark_oak_boat": {
    "criteria": {
      "in_water": "2024-07-23 21:54:32 +0000"
    },
    "done": true
  },
  "DataVersion": 3465
}