{
  "uuid": "9f89ac47-d139-3e76-bbcf-dcfbe08f8c92",
  "starterPrompted": true,
  "starterLocked": false,
  "starterSelected": true,
  "starterUUID": "81885b9a-3dfd-48b5-ad28-a88912d46202",
  "keyItems": [],
  "battleTheme": "cobblemon:battle.pvp.default",
  "extraData": {},
  "advancementData": {
    "totalCaptureCount": 0,
    "totalEggsHatched": 0,
    "totalEvolvedCount": 0,
    "totalBattleVictoryCount": 4,
    "totalPvPBattleVictoryCount": 0,
    "totalPvWBattleVictoryCount": 4,
    "totalPvNBattleVictoryCount": 0,
    "totalShinyCaptureCount": 0,
    "totalTradedCount": 0,
    "totalTypeCaptureCounts": {},
    "totalDefeatedCounts": {
      "cobblemon:combee": 1,
      "cobblemon:vulpix": 1,
      "cobblemon:weedle": 2
    },
    "aspectsCollected": {}
  }
}